Fraction_Size	Depth	Lakes_names	Assembly	 contigs (>= 0 bp)	 contigs (>= 1000 bp)	 contigs (>= 5000 bp)	 contigs (>= 10000 bp)	 contigs (>= 25000 bp)	 contigs (>= 50000 bp)	Total length (>= 0 bp)	Total length (>= 1000 bp)	Total length (>= 5000 bp)	Total length (>= 10000 bp)	Total length (>= 25000 bp)	Total length (>= 50000 bp)	 contigs	Largest contig	Total length	N50	N90	auN	L50	L90	 N's per 100 kbp
S	E	AMAD	AMADE-SM-01apr22.megahit.nv.contigs	1774485	278227	20575	7829	2000	586	1422483503	732403262	273249915	186992477	99774841	51768210	792484	627298	1083887187	1640	611	10482.1	126503	596154	0.00
S	E	AMAD	AMADE-SM-06sep21.megahit.nv.contigs	1831137	260435	26462	9745	2388	701	1456220315	772296056	342722628	228665160	119118452	61829226	730327	387810	1091860555	2019	619	11721.3	94570	533787	0.00
S	H	AMAD	AMADH-SM-01apr22.megahit.nv.contigs	1703800	245658	24012	8961	2364	752	1355122538	728366767	320167161	217617816	118699919	63605321	661876	371335	1012485198	2082	628	11877.9	85397	480871	0.00
S	H	AMAD	AMADH-SM-06sep21.megahit.nv.contigs	2239190	287218	27548	10061	2332	575	1613386407	818870333	341216073	221889363	107127806	47862728	766921	540453	1146220064	1979	624	9729.1	106460	561387	0.00
			
S	E	ARCA	ARCAE-SM-04apr22.megahit.nv.contigs	933818	116353	16280	7655	2152	664	804189245	434852061	254290040	194390437	110458707	59846803	380165	424096	611790154	2759	611	18352.0	30515	269224	0.00
S	E	ARCA	ARCAE-SM-08sep21.megahit.nv.contigs	1884270	221931	24652	10074	2640	784	1456414666	696817103	339507461	239450069	128456828	65127312	773809	387732	1066607296	1778	591	11845.4	94729	577136	0.00
S	H	ARCA	ARCAH-SM-04apr22.megahit.nv.contigs	682001	98703	16643	7132	1806	630	654752104	401771896	243961062	178056036	98557750	58508543	265890	992384	514515534	4309	658	22693.7	19512	175755	0.00
S	H	ARCA	ARCAH-SM-08sep21.megahit.nv.contigs	1719253	231472	24733	9462	2143	669	1384387622	692327835	324331703	218764007	111121736	61108933	753099	612885	1044417645	1737	599	12063.8	98072	561708	0.00
			
S	E	ATTR	ATTRE-SM-16jul20.megahit.nv.contigs	3106386	395746	33132	10043	1556	329	2168995837	1009547856	346880903	190424330	67675777	26389504	1151692	263098	1523120662	1597	602	5787.9	195713	873371	0.00
S	E	ATTR	ATTRE-SM-26apr22.megahit.nv.contigs	3145657	477651	36685	10382	1734	402	2418861371	1183384516	375738576	198823230	74477604	29916300	1405567	199068	1813395342	1534	599	5182.6	250755	1073640	0.00
L	H	ATTR	ATTRH-LM-16jul20.megahit.nv.contigs	3191994	375758	24005	8022	2221	634	2222291955	916770643	301227184	193986442	107931826	53567914	1335537	816465	1564268648	1247	578	7641.7	254414	1044097	0.00
S	H	ATTR	ATTRH-SM-16jul20.megahit.nv.contigs	3386601	369153	32450	12187	3236	965	2244484025	1037434059	429414635	291503765	158298830	80744047	1062999	698699	1509829136	1789	613	10805.2	151940	789472	0.00
S	H	ATTR	ATTRH-SM-26apr22.megahit.nv.contigs	3341105	325181	24593	7897	1735	392	2037825621	816713796	280028503	167109783	75181733	29671426	1014150	252013	1285007742	1449	594	6178.4	178520	777792	0.00
			
S	E	AYDT	AYDTE-SM-23may22.megahit.nv.contigs	2257786	356584	22165	7941	1963	558	1749200898	864120035	283573662	187354169	98703924	50901900	1035746	379212	1330342371	1450	606	8754.5	189339	793828	0.00
S	E	AYDT	AYDTE-SM-23sep21.megahit.nv.contigs	2651860	399634	32705	10817	2303	595	2077948084	1053209013	385227586	236874444	111900408	53902563	1148948	704510	1562626915	1667	605	9177.9	184423	864667	0.00
S	H	AYDT	AYDTH-SM-23may22.megahit.nv.contigs	2227213	328111	27331	9433	2199	625	1748746054	886502474	337239412	216070063	108763800	55429144	952343	498415	1311502783	1706	609	9620.3	147097	714227	0.00
S	H	AYDT	AYDTH-SM-23sep21.megahit.nv.contigs	2505117	373124	30931	10390	2431	670	1970946800	995417259	377938522	238528513	120599182	60987028	1090594	621374	1484163622	1653	607	9973.1	171696	820818	0.00
			
L	1	BALM	BALM1-LM-27jul20.megahit.nv.contigs	3078054	386528	34684	12081	2555	622	2221735837	1043345390	408041924	253690694	112892470	47982629	1180582	305324	1581733091	1620	600	7372.8	183835	891232	0.00
S	1	BALM	BALM1-SM-06apr22.megahit.nv.contigs	1834135	288753	28965	10031	2168	513	1516276236	823653314	340873658	212507468	96548580	40667557	782579	294157	1160612176	1989	623	8545.5	109848	574366	0.00
S	1	BALM	BALM1-SM-27jul20.megahit.nv.contigs	2322152	250095	25398	9632	2430	684	1574825726	740150903	328979205	221361329	114742649	55390430	732182	290413	1067500015	1934	613	10331.9	95978	538847	0.00
L	2	BALM	BALM2-LM-27jul20.megahit.nv.contigs	3295327	435139	37855	12658	2577	544	2399381473	1153287432	430050123	258738263	109985778	41372233	1262321	225415	1717920070	1662	609	6761.4	201615	950367	0.00
S	2	BALM	BALM2-SM-06apr22.megahit.nv.contigs	2182056	315682	25292	8203	1758	392	1639701594	813867726	287613135	171906875	77542537	31697739	891267	435852	1206952289	1641	610	7030.3	148008	672395	0.00
S	2	BALM	BALM2-SM-27jul20.megahit.nv.contigs	2289107	277534	24448	8453	1834	455	1589490652	749731767	290096308	181534768	83822634	37127728	802706	392552	1107869291	1705	610	8143.5	123705	601647	0.00
L	3	BALM	BALM3-LM-27jul20.megahit.nv.contigs	4088356	318401	16838	5162	1055	242	2481920779	678434435	183656403	105292238	45868963	18477891	1716332	221692	1615719030	870	554	3535.6	457805	1409067	0.00
S	3	BALM	BALM3-SM-06apr22.megahit.nv.contigs	2222241	343007	30337	10579	2432	607	1780907984	939344959	367376528	232957622	111930483	50207278	935687	542585	1345211764	1828	622	8985.2	140041	694056	0.00
S	3	BALM	BALM3-SM-27jul20.megahit.nv.contigs	2829138	359378	32644	11240	2417	618	2027199047	977726836	383978446	238146625	108302033	47997521	1036823	283703	1439358254	1727	610	7836.6	157870	775671	0.00
			
S	E	BANY	BANYE-SM-15sep21.megahit.nv.contigs	1211136	187436	19025	8205	2611	963	1075802161	608230251	302979068	228640629	144235717	87449238	533029	929750	843340472	2258	626	19879.0	56347	382046	0.00
S	E	BANY	BANYE-SM-28mar22.megahit.nv.contigs	1397382	204428	23896	9233	2533	780	1194485756	665198098	327514873	227250024	126929364	67651496	574574	620814	915797967	2411	625	14158.7	62810	410333	0.00
S	H	BANY	BANYH-SM-15sep21.megahit.nv.contigs	1016276	167412	22124	8889	2377	771	954610976	590987514	312569033	221489904	123142474	68528759	408797	648920	755639117	3225	669	17745.9	38590	277662	0.00
S	H	BANY	BANYH-SM-28mar22.megahit.nv.contigs	1417149	199910	21914	9101	2465	720	1182430694	636078891	310853122	223243856	123118001	63616743	589515	512467	900092296	2158	617	14081.2	66630	427149	0.00
			
L	E	BRTL	BRTLE-LM-15jul20.megahit.nv.contigs	4368737	437529	16262	3699	572	135	2685663706	846182682	152323582	69194765	24864710	10358657	1823596	330457	1786063495	954	564	2679.8	485536	1486876	0.00
S	E	BRTL	BRTLE-SM-15jul20.megahit.nv.contigs	4288022	503211	34159	9883	1840	403	2822708310	1198557366	359232536	196148570	79549808	31054611	1557209	332574	1914822484	1387	591	5151.6	296295	1204395	0.00
S	E	BRTL	BRTLE-SM-26apr22.megahit.nv.contigs	2326049	323295	13700	3534	554	126	1609862533	669405886	134695834	67116462	24399079	10076401	1033105	249070	1151179531	1193	580	3507.6	237150	818929	0.00
L	H	BRTL	BRTLH-LM-15jul20.megahit.nv.contigs	3769741	529913	35332	11133	2410	579	2791498933	1279529960	399755684	237180757	108366703	46133808	1655226	320838	2045384008	1388	593	6010.0	309405	1278922	0.00
S	H	BRTL	BRTLH-SM-15jul20.megahit.nv.contigs	4723640	602657	44793	13701	2533	601	3273966480	1493426772	482954993	272953925	110318016	45854033	1766211	332765	2286911111	1521	602	5755.0	314475	1348396	0.00
S	H	BRTL	BRTLH-SM-26apr22.megahit.nv.contigs	3694404	428817	26981	7789	1315	268	2430804930	980695752	278225239	149169396	54964987	20222059	1426091	289936	1657133254	1247	583	4433.3	291766	1118543	0.00
			
L	E	CADA	CADAE-LM-03sep20.megahit.nv.contigs	2336853	268454	10122	3014	891	365	1549120941	574793730	138904515	91972329	60588502	42399195	1012115	709017	1075399064	1077	568	9842.0	232668	810057	0.00
S	E	CADA	CADAE-SM-03sep20.megahit.nv.contigs	2027784	311114	32394	11212	2769	883	1691720456	933926536	415562374	270741133	148069412	83620572	833831	596410	1291375562	2162	633	14264.4	105907	603697	0.00
S	E	CADA	CADAE-SM-30jun22.megahit.nv.contigs	2236756	306502	23356	8874	2308	727	1675655668	811662056	316324740	217951978	119708848	66078279	925953	550835	1234194990	1547	603	11274.9	147139	701025	0.00
L	H	CADA	CADAH-LM-03sep20.megahit.nv.contigs	1949712	364760	30075	10887	2564	677	1743836486	979708146	375025132	244400944	121308343	57590868	970810	459913	1396901302	1790	627	9507.0	148919	721154	0.00
S	H	CADA	CADAH-SM-03sep20.megahit.nv.contigs	2124886	387295	38265	15161	4239	1303	1997544147	1167687460	532346408	374427596	211069614	111127467	1031824	661912	1609723709	2129	636	13775.3	127146	745996	0.00
S	H	CADA	CADAH-SM-30jun22.megahit.nv.contigs	862475	138185	10959	4178	1059	314	732714845	369474774	146513655	100279691	53559327	28356778	441176	477117	574577577	1502	594	10862.3	69972	335600	0.00
L	X	CADA	CADAX-LM-03sep20.megahit.nv.contigs	2446755	372662	28806	9341	2247	605	1939105166	970891604	345522030	214793905	110260232	54487232	1102995	611599	1468472845	1601	604	8762.0	181830	835399	0.00
S	X	CADA	CADAX-SM-03sep20.megahit.nv.contigs	1657547	308268	34953	13653	3754	1204	1643739691	1002929813	490578415	344541708	196943477	109274691	800057	661919	1340358789	2557	651	16083.6	86775	564666	0.00
S	X	CADA	CADAX-SM-30jun22.megahit.nv.contigs	1230757	211724	17715	6851	1917	644	1098092652	594496424	249646122	175523200	101739825	58181148	628344	661912	878278347	1709	609	12961.5	89761	469111	0.00
			
L	E	CEPX	CEPXE-LM-21may20.megahit.nv.contigs	3794227	407704	19646	4915	847	223	2463264973	868520994	195800763	97853437	39763122	18860047	1629993	385427	1683359827	1036	560	3738.7	381319	1311769	0.00
L	E	CEPX	CEPXE-LM-31jul20.megahit.nv.contigs	3096706	378218	25570	8000	1503	351	2140125936	904606584	281917765	163209841	67810615	29342335	1264651	394554	1506948321	1293	586	5652.0	244318	985844	0.00
S	E	CEPX	CEPXE-SM-21may20.megahit.nv.contigs	3400220	451570	29636	10290	2551	754	2425215590	1113337275	370101030	239388441	124552512	63631907	1380341	495378	1742953181	1436	591	7849.2	247341	1059345	0.00
S	E	CEPX	CEPXE-SM-31jul20.megahit.nv.contigs	2649319	328760	32217	11115	2202	510	1894304452	924507234	373970455	230093732	99805183	43746405	931489	381929	1333961874	1876	614	8546.9	134876	689961	0.00
L	H	CEPX	CEPXH-LM-21may20.megahit.nv.contigs	3886221	535478	21654	5105	1093	294	2699230003	1108833889	218878249	110096984	52100585	25041944	1769813	401858	1947279218	1163	579	4004.2	409816	1407532	0.00
L	H	CEPX	CEPXH-LM-31jul20.megahit.nv.contigs	4063276	505898	32929	10520	2398	664	2872222091	1212382522	387986176	236828903	117361918	58759435	1740071	506011	2051051378	1256	584	7077.3	338066	1360054	0.00
S	H	CEPX	CEPXH-SM-21may20.megahit.nv.contigs	3556267	474789	32001	10755	2529	719	2538576747	1168493072	388417461	245253384	123354807	61737165	1443499	382906	1828062459	1437	597	7707.1	259801	1108270	0.00
S	H	CEPX	CEPXH-SM-31jul20.megahit.nv.contigs	3396435	426119	36924	13250	3207	892	2443107742	1164851156	464595410	303406814	155098919	77191432	1263021	549414	1734807590	1677	607	9699.8	190692	947479	0.00
			
L	E	CERN	CERNE-LM-04jun20.megahit.nv.contigs	1337215	105019	9047	4000	1308	440	857759723	313835409	146744194	112514765	70885547	41089903	467909	392299	553730883	1234	564	13653.7	71486	363456	0.00
S	E	CERN	CERNE-SM-04jun20.megahit.nv.contigs	660923	110448	12710	4522	1722	764	656419685	397304687	204817666	149975664	108183337	74382116	302916	990661	526385659	2997	633	25872.3	28045	208789	0.00
S	E	CERN	CERNE-SM-30jul20.megahit.nv.contigs	728481	147551	16711	7040	2434	1079	821289991	536035055	291050920	224944203	155956884	108838149	372223	925141	689270309	3221	668	29657.2	30281	251914	0.00
L	H	CERN	CERNH-LM-04jun20.megahit.nv.contigs	2165687	178040	12867	5577	1749	604	1371390273	478402565	204040851	154053431	95941319	56648602	805561	661852	899931087	1079	567	12998.0	150633	636338	0.00
S	H	CERN	CERNH-SM-30jul20.megahit.nv.contigs	849093	143020	20044	9941	3757	1455	958942025	607352790	383805235	313611041	218027376	138131193	425247	968282	797554842	4314	641	31426.6	23271	283677	0.00
			
L	E	CERT	CERTE-LM-04jun20.megahit.nv.contigs	2051633	165585	17188	9043	3783	1472	1461882398	623645844	366568838	310726609	227974839	147828532	737394	826852	1000916863	1718	573	29897.0	67813	550054	0.00
L	E	CERT	CERTE-LM-30jul20.megahit.nv.contigs	3160289	178830	14300	7448	3028	1164	1896606887	551342473	296157164	249017158	180036491	114401498	1129211	1023494	1186082491	929	557	19581.1	222162	904113	0.00
S	E	CERT	CERTE-SM-04jun20.megahit.nv.contigs	1117815	158310	16068	8168	3285	1378	1054634457	588930128	340971850	286617809	211230742	144882733	514613	789503	828112980	2499	609	33748.6	37697	363967	0.00
S	E	CERT	CERTE-SM-30jul20.megahit.nv.contigs	774313	132937	20509	10157	3937	1764	965590283	652972924	442520610	371334242	276420638	201109089	378586	1200640	819332968	6797	678	51155.8	14842	237267	0.00
L	H	CERT	CERTH-LM-04jun20.megahit.nv.contigs	2579645	437485	45693	18126	5592	1973	2476603927	1416705754	697554534	509671103	320225556	195131510	1297888	862679	1998986441	2202	617	20163.3	141362	937405	0.00
L	H	CERT	CERTH-LM-30jul20.megahit.nv.contigs	2076072	379217	38453	16638	5682	2187	2124081145	1273323844	652006842	503557781	336324831	215093172	1076448	695671	1749764783	2409	636	22444.0	105685	765588	0.00
S	H	CERT	CERTH-SM-04jun20.megahit.nv.contigs	2666455	399315	35291	14581	4518	1635	2318351004	1195519514	550712849	409852425	258141933	158739795	1293683	575894	1796168496	1729	593	16890.7	166357	963314	0.00
S	H	CERT	CERTH-SM-30jul20.megahit.nv.contigs	2078416	353935	33904	14635	5248	2076	2027197409	1161809807	589703604	458360806	316582092	205392859	1064593	879136	1645182872	2146	621	23486.6	109479	768736	0.00
			
S	E	CINC	CINCE-SM-03aug21.megahit.nv.contigs	2455117	331276	22468	8026	2144	662	1833222630	838646878	297742353	200022947	112226563	62242231	1092255	673321	1353567543	1377	588	10159.9	191819	842132	0.00
S	E	CINC	CINCE-SM-16apr22.megahit.nv.contigs	1910089	290012	24665	8598	2087	573	1504707946	796979162	304877063	196289586	100337337	48840878	769803	404682	1125276117	1898	625	9599.1	115105	568246	0.00
S	H	CINC	CINCH-SM-03aug21.megahit.nv.contigs	2591454	395081	33510	13107	3570	1003	2150625284	1102869026	457158900	318529000	175467911	88020653	1197048	643317	1647326149	1679	604	11230.4	174226	896696	0.00
S	H	CINC	CINCH-SM-16apr22.megahit.nv.contigs	1696546	264128	26922	9833	2233	620	1422140374	775817358	337321286	221100130	108435551	53198747	724193	425618	1090006869	2040	625	10811.0	96031	528938	0.00
			
S	M	CLAY	CLAYM-SM-20sep21.megahit.nv.contigs	2483295	361495	28636	10030	2382	645	1896030568	958372637	355092363	229064438	116238068	56627302	1009321	522341	1399718344	1710	611	9296.0	159312	755518	0.00
S	M	CLAY	CLAYM-SM-26may22.megahit.nv.contigs	1992589	306109	23933	8592	2040	530	1584722593	807870561	302407072	197982404	100991398	49644785	885111	1579285	1201833883	1637	606	11704.0	141060	666493	0.00
			
L	E	CONS	CONSE-LM-08sep20.megahit.nv.contigs	3951019	508924	16402	2805	421	83	2638168470	986071612	138486557	50612961	17128831	5784129	1808469	125073	1864053694	1060	569	2301.4	456412	1458419	0.00
S	E	CONS	CONSE-SM-03may22.megahit.nv.contigs	1858238	226608	21818	5898	856	145	1337284183	589422586	214452069	106048059	34072585	10326856	769638	162797	953071941	1430	580	4815.6	130773	592260	0.00
S	E	CONS	CONSE-SM-08sep20.megahit.nv.contigs	4006995	404292	25643	7500	1457	355	2417077184	949430524	276427928	154628308	66300370	29332939	1265285	305182	1533329040	1355	588	5466.4	245924	981872	0.00
L	H	CONS	CONSH-LM-08sep20.megahit.nv.contigs	2836552	374804	30963	11622	3160	919	2160770383	1026454778	414316159	283259128	156332385	79918783	1215916	470243	1594866878	1541	593	10287.2	186698	922491	0.00
S	H	CONS	CONSH-SM-03may22.megahit.nv.contigs	3111535	325234	25684	8834	2124	550	1991089769	847750142	312200553	197764440	98550777	45419619	1020985	371247	1318613871	1508	594	7849.5	169209	778548	0.00
S	H	CONS	CONSH-SM-08sep20.megahit.nv.contigs	2896110	307268	30102	11602	2802	838	1920302766	900221927	396337782	269925349	139432680	72714367	879049	420340	1289667724	1922	618	11364.9	116202	646352	0.00
			
S	E	CRUZ	CRUZE-SM-04apr22.megahit.nv.contigs	1170801	207100	22455	9294	2605	887	1105220638	669869933	329063719	238643883	137572867	78920952	526263	592917	888470352	2524	651	16427.0	56068	370261	0.00
S	E	CRUZ	CRUZE-SM-08sep21.megahit.nv.contigs	1005917	184624	22369	8585	2847	1153	1027674275	667210814	349115214	255607411	169314508	110624487	432869	422218	836861376	3366	687	22153.9	39517	289408	0.00
S	H	CRUZ	CRUZH-SM-04apr22.megahit.nv.contigs	1075755	186566	27208	12836	3975	1280	1139099173	733998713	435998455	336216892	201194047	109038182	484678	731129	937467846	4013	671	20308.4	34539	322394	0.00
S	H	CRUZ	CRUZH-SM-08sep21.megahit.nv.contigs	1929474	301187	30879	12871	3843	1282	1729730739	946499248	465623542	342273816	206389291	118166633	927281	633389	1371493020	1960	611	16297.2	106448	679016	0.00
			
S	M	EDVL	EDVLM-SM-20sep21.megahit.nv.contigs	3102059	475079	41115	13768	2957	726	2481421313	1267693136	482729297	297109225	138085986	62228717	1377980	745451	1882698825	1670	608	8472.1	216579	1035982	0.00
S	M	EDVL	EDVLM-SM-26may22.megahit.nv.contigs	2760623	367997	33098	11318	2213	481	2046207502	984174637	377267727	228810355	95763541	37500915	1111973	404000	1487831137	1626	599	7115.2	175526	839634	0.00
			
S	E	ERKE	ERKEE-SM-17aug21.megahit.nv.contigs	3856176	481510	39540	11873	1935	416	2651796853	1218595277	415102298	227863851	83547724	33207950	1415047	326841	1852452559	1562	600	5827.8	243464	1076120	0.00
S	E	ERKE	ERKEE-SM-18may22.megahit.nv.contigs	2604140	395332	27167	8049	1641	361	1958095295	961104052	292943006	164500403	70845226	28022467	1109820	280550	1448884186	1547	606	5701.7	202203	846114	0.00
S	H	ERKE	ERKEH-SM-17aug21.megahit.nv.contigs	4294858	594330	45189	13900	2386	529	3116979502	1474226533	483061856	271624068	103898045	41930311	1743528	401528	2255257286	1523	599	5868.8	309105	1330758	0.00
S	H	ERKE	ERKEH-SM-18may22.megahit.nv.contigs	2846939	393084	29431	8801	1416	311	2082598553	958832326	307374948	167585122	60770448	24310001	1214837	259242	1516098019	1427	592	5251.4	222945	935676	0.00
			
S	E	FANT	FANTE-SM-11apr22.megahit.nv.contigs	1825564	307334	30440	10969	2651	805	1609110613	899979170	385914194	253683246	130291187	67516949	840780	389888	1264298385	2038	626	10926.6	112245	614431	0.00
S	E	FANT	FANTE-SM-30jul21.megahit.nv.contigs	1909832	298181	25802	9857	2845	871	1602526483	851937163	359596190	251165122	145606099	78527360	864263	463178	1236205089	1819	610	12889.5	119533	640108	0.00
S	H	FANT	FANTH-SM-11apr22.megahit.nv.contigs	1801099	309211	30965	10661	2494	797	1604821709	911591489	390374132	252111932	132388780	74400203	829786	449991	1266510921	2110	627	12581.4	109853	603350	0.00
S	H	FANT	FANTH-SM-30jul21.megahit.nv.contigs	2201418	359496	35582	12737	3265	1106	1915108448	1073663556	472592439	317515123	177897441	103715496	977379	478418	1494536611	2107	626	14054.8	125099	709821	0.00
			
L	M	FERT	FERTM-LM-29jul20.megahit.nv.contigs	3123399	464895	41495	14284	3055	753	2456759751	1259109751	486180306	301198382	135550068	57391260	1317301	247867	1841795712	1745	615	7532.0	202467	984616	0.00
S	M	FERT	FERTM-SM-05apr22.megahit.nv.contigs	1870167	242470	19639	7129	1641	411	1364902993	635677746	239360414	154177959	72794730	30937044	759523	256615	984636426	1517	593	7364.7	124203	578286	0.00
S	M	FERT	FERTM-SM-29jul20.megahit.nv.contigs	2083952	227129	21718	8266	2047	546	1405840206	653359311	278852248	186914099	93259115	42795855	668124	394473	951881619	1836	608	9434.0	92205	494928	0.00
			
L	E	FUNE	FUNEE-LM-16jul20.megahit.nv.contigs	1294743	66333	1832	514	134	41	707295990	120706134	20804493	12238939	6583084	3397044	521642	237475	419276484	743	537	2368.7	171651	440688	0.00
S	E	FUNE	FUNEE-SM-16jul20.megahit.nv.contigs	852565	154904	18124	7420	2318	794	855328458	539418471	279967344	206946951	129850462	77116319	381228	876688	695026466	3035	674	22808.8	35753	261163	0.00
S	E	FUNE	FUNEE-SM-27apr22.megahit.nv.contigs	1323159	219232	18996	7364	2400	925	1215281740	661277621	297094221	218355292	143259757	92171245	692640	487682	982916802	1819	607	17800.7	88943	514216	0.00
L	H	FUNE	FUNEH-LM-16jul20.megahit.nv.contigs	2695680	375889	41975	17238	4915	1741	2344002939	1236424392	625200074	455876163	270615853	161436531	1240150	607698	1821473970	2041	608	16738.2	136426	909283	0.00
S	H	FUNE	FUNEH-SM-16jul20.megahit.nv.contigs	1679918	331571	42215	18638	5947	2019	1885874807	1214042747	675670887	513802915	320216745	184579138	886848	552283	1594235982	3170	659	21007.1	73146	608644	0.00
S	H	FUNE	FUNEH-SM-27apr22.megahit.nv.contigs	1602081	305664	27533	10858	3401	1263	1580267686	934422262	426156892	312620331	201164344	127641336	838494	699995	1298067849	2113	629	19943.6	100839	606728	0.00
			
L	E	FUSW	FUSWE-LM-16jul20.megahit.nv.contigs	1715551	310117	30818	6824	902	329	1447602648	845561601	296936809	135571726	54770365	35437596	712491	752147	1123519564	2217	659	9722.8	113474	516485	0.00
S	E	FUSW	FUSWE-SM-16jul20.megahit.nv.contigs	729556	136588	14079	5460	1867	631	733570848	445554248	217674070	159041671	105265603	61435989	364004	510595	601259870	2466	645	20233.9	38593	257892	0.00
S	E	FUSW	FUSWE-SM-27apr22.megahit.nv.contigs	934123	156254	15566	6623	2407	1020	913184201	529616336	276446762	215230672	151578442	102467199	466011	735627	740299911	2311	626	25723.0	44539	333336	0.00
L	H	FUSW	FUSWH-LM-16jul20.megahit.nv.contigs	2372963	418079	38185	17479	5955	2061	2265201147	1319007056	642569430	501025768	324353414	189708348	1167556	969568	1833739008	2125	635	19036.8	128622	841713	0.00
S	H	FUSW	FUSWH-SM-16jul20.megahit.nv.contigs	1747036	299488	34217	14778	4850	1833	1758360559	1047397560	562265554	428733346	278639516	174125949	867327	779396	1434000393	2612	634	21493.0	78356	611977	0.00
S	H	FUSW	FUSWH-SM-27apr22.megahit.nv.contigs	1194804	208690	19660	7791	2408	870	1127383831	646022848	302332445	221338330	140855932	87156040	592899	860688	908082383	2086	626	19634.6	69704	430200	0.00
			
S	E	GARD	GARDE-SM-06jul21.megahit.nv.contigs	2992106	338609	24840	7642	1287	284	1914475474	826124318	263992040	148098206	55670032	22336887	999987	336551	1275988012	1480	598	5624.7	181905	766119	0.00
S	E	GARD	GARDE-SM-10may22.megahit.nv.contigs	2636822	319735	22442	6937	1295	262	1753350671	770132903	242292751	137555164	55580870	21292023	961587	441519	1207639190	1427	597	5680.0	178843	740184	0.00
S	H	GARD	GARDH-SM-06jul21.megahit.nv.contigs	2608877	301705	30339	11075	2612	746	1813056157	882597437	384457180	252717547	127167005	63946744	846318	412659	1252699634	1978	619	10855.1	112704	620420	0.00
S	H	GARD	GARDH-SM-10may22.megahit.nv.contigs	2690710	315672	27853	10041	2333	594	1858868298	865332525	345780776	224354142	109826038	51011985	949777	412319	1295167410	1673	602	9143.4	143206	713393	0.00
			
L	E	GOSK	GOSKE-LM-21jul20.megahit.nv.contigs	5147194	407140	20757	5031	771	176	2968991976	833745639	198698119	93458857	33631106	13647348	1919111	219258	1852848395	915	558	2995.2	504203	1568030	0.00
S	E	GOSK	GOSKE-SM-21jul20.megahit.nv.contigs	1910444	256894	17391	6389	1573	453	1414339890	646881176	224978692	150814647	78808705	40775503	830851	488255	1037102030	1392	592	8871.9	146797	639860	0.00
S	E	GOSK	GOSKE-SM-22jun22.megahit.nv.contigs	2279825	269712	19810	7759	1612	560	1621993395	679156264	265993237	182511592	91836018	56656909	1000682	659101	1174564021	1206	581	10781.6	185672	782384	0.00
L	H	GOSK	GOSKH-LM-21jul20.megahit.nv.contigs	4659715	407436	28055	5734	391	96	2780166211	896014174	240064013	89564986	17436114	7612405	1705565	202620	1772506178	1011	566	2900.9	397726	1371879	0.00
S	H	GOSK	GOSKH-SM-21jul20.megahit.nv.contigs	1902403	266530	29202	8666	1425	324	1483201939	767722387	311124903	171749975	67079366	30818024	749955	518324	1095625185	2040	616	8541.6	106515	551928	0.00
S	H	GOSK	GOSKH-SM-22jun22.megahit.nv.contigs	1950586	273645	21524	5904	1003	332	1449192909	682469359	229589131	123538195	54375012	31796986	842129	518388	1068177120	1465	594	7565.5	149358	645933	0.00
			
L	E	GREF	GREFE-LM-09sep20.megahit.nv.contigs	4168611	551086	34172	10618	1734	350	2977606251	1257566405	362819081	203128504	73863442	28536459	1876620	648045	2154394793	1221	580	4777.2	387072	1475865	0.00
S	E	GREF	GREFE-SM-05may22.megahit.nv.contigs	2727843	332607	26068	8048	1450	315	1853571251	832944993	280517485	158547697	62456132	24674111	995868	284257	1284128945	1507	599	5835.6	174746	760727	0.00
S	E	GREF	GREFE-SM-09sep20.megahit.nv.contigs	4049046	482257	37476	12093	2200	512	2744176560	1216025313	416226219	244292642	99941547	43575747	1473113	445919	1888309902	1493	595	6644.5	256422	1126284	0.00
L	H	GREF	GREFH-LM-09sep20.megahit.nv.contigs	2955625	452477	30932	9790	2193	602	2286326265	1109045656	357690611	215045844	103801243	49703592	1341182	387028	1716456352	1471	601	6855.1	242821	1027620	0.00
S	H	GREF	GREFH-SM-05may22.megahit.nv.contigs	3045350	386015	26748	8196	1545	327	2080353323	932165143	288022839	163089818	66377856	25494420	1147456	406672	1450535333	1456	597	5617.2	212381	881513	0.00
S	H	GREF	GREFH-SM-09sep20.megahit.nv.contigs	3896819	491637	38094	12014	2378	540	2701339563	1242559507	421969048	245446934	104101842	42071881	1441639	327575	1889933117	1552	603	6298.8	248671	1096658	0.00
			
L	E	HALL	HALLE-LM-15jul20.megahit.nv.contigs	2158779	251921	12394	3230	394	67	1443524926	523831660	116805938	55334017	15204446	4553950	961741	130264	999328049	1052	563	2897.6	228347	773059	0.00
S	E	HALL	HALLE-SM-15jul20.megahit.nv.contigs	3721190	437772	36737	11629	2264	505	2502006289	1134510052	403209862	233335301	96480193	37918152	1281089	261757	1707232594	1614	602	6277.8	212140	969172	0.00
S	E	HALL	HALLE-SM-28apr22.megahit.nv.contigs	2725127	318448	19470	5499	1023	245	1756868291	733757739	202915612	109207913	44550846	18868575	971043	243108	1177356046	1358	591	4819.5	192812	753955	0.00
L	H	HALL	HALLH-LM-15jul20.megahit.nv.contigs	3478325	459182	30896	9915	2415	756	2515161704	1131607459	372310866	231207803	121355197	64824887	1468001	422142	1818613402	1381	593	7627.2	267868	1133464	0.00
S	H	HALL	HALLH-SM-15jul20.megahit.nv.contigs	3413930	415033	38022	13304	3201	846	2386128389	1161808293	465844810	297984705	148440548	68275173	1143093	401908	1658717388	1887	620	9069.9	165589	844331	0.00
S	H	HALL	HALLH-SM-28apr22.megahit.nv.contigs	2929014	316440	24849	8238	1711	437	1891557530	809558193	286587210	173571127	77809225	34690054	983653	308117	1260335488	1494	592	6812.8	167468	751547	0.00
			
L	M	JIRK	JIRKM-LM-03jun20.megahit.nv.contigs	2656121	357084	23825	8823	2662	907	2009702819	923332738	332308235	231557227	139236833	79024090	1196409	489353	1489918137	1400	587	10004.4	204541	920869	0.00
L	M	JIRK	JIRKM-LM-10aug20.megahit.nv.contigs	1225788	161552	19043	8437	2703	985	1065397703	573959517	314346943	241235939	154340110	95318070	505919	908789	804208886	2506	608	22309.1	44725	359181	0.00
S	M	JIRK	JIRKM-SM-03jun20.megahit.nv.contigs	2047101	365888	28995	11234	3397	1041	1831253597	1021691956	407730905	287672547	169819865	88472202	1006306	426682	1457014497	1849	616	11682.2	144590	743288	0.00
S	M	JIRK	JIRKM-SM-10aug20.megahit.nv.contigs	1409714	188026	18678	7927	2466	911	1163847860	603475489	300414009	226737591	143685669	90140520	584790	908789	872077924	2018	610	20017.8	64385	426418	0.00
			
S	M	KAST	KASTM-SM-14sep21.megahit.nv.contigs	2616234	401379	39785	13713	2927	764	2144097575	1140668771	472067045	294528603	135768111	63246608	1131260	560484	1636298604	1908	614	9010.2	159897	835390	0.00
S	M	KAST	KASTM-SM-22mar22.megahit.nv.contigs	1633608	256761	27083	9899	2129	482	1377996550	755436453	328775304	211343808	96726565	41734283	707105	462255	1061734088	2057	621	10038.9	93820	516270	0.00
			
L	E	KLIC	KLICE-LM-12aug20.megahit.nv.contigs	2331771	354041	25842	7814	1810	533	1823024133	901028027	301011575	180282166	92337120	49019073	1047992	977081	1374468632	1559	604	8783.1	179595	797428	0.00
L	E	KLIC	KLICE-LM-25nov20.megahit.nv.contigs	3202922	499334	49681	18885	4778	1355	2725222380	1473849592	650235836	439958964	229783264	114155441	1422731	526371	2103206304	1968	620	11152.1	186526	1044038	0.00
L	E	KLIC	KLICE-LM-29apr20.megahit.nv.contigs	2967834	364000	19159	5163	978	226	1992790182	808077013	197584633	104576305	43947521	18968087	1228246	302561	1390246967	1218	576	4408.8	261233	968960	0.00
S	E	KLIC	KLICE-SM-11aug21.megahit.nv.contigs	3420144	363723	27531	8612	1775	468	2173805499	918468967	311538417	183950129	84093824	40137129	1126316	1057994	1433886283	1486	591	7855.2	195816	862155	0.00
S	E	KLIC	KLICE-SM-12aug20.megahit.nv.contigs	3662426	345054	31949	10620	1958	520	2235378703	940825890	366606682	221353261	94687226	46975074	1033828	541535	1407824289	1695	602	8517.7	158403	776535	0.00
S	E	KLIC	KLICE-SM-25nov20.megahit.nv.contigs	4261661	533296	41043	12214	2473	634	2939260479	1352126111	450991980	257311422	115384072	53347734	1537515	582883	2036721131	1594	605	6863.5	263963	1166254	0.00
S	E	KLIC	KLICE-SM-28apr21.megahit.nv.contigs	4115874	394081	24535	7308	1318	285	2431229598	910951477	262206768	146167548	59185026	24658163	1305628	373742	1526141300	1271	580	5200.1	262163	1021747	0.00
S	E	KLIC	KLICE-SM-29apr20.megahit.nv.contigs	3577455	351409	26161	8605	1682	378	2197086397	871426378	297537236	178444301	77026594	33832560	1156091	1123171	1415456454	1359	586	7560.2	209588	894009	0.00
L	H	KLIC	KLICH-LM-12aug20.megahit.nv.contigs	2515919	437592	41226	15733	4265	1194	2242638121	1273626690	546634886	372848379	201750548	97023493	1159111	460786	1770114056	2038	637	10985.6	154727	844923	0.00
L	H	KLIC	KLICH-LM-25nov20.megahit.nv.contigs	4031735	426201	25807	7274	1411	380	2665926623	966614593	275774879	151679951	67220526	32428476	1719504	537055	1839739497	1058	569	4888.7	380719	1374319	0.00
L	H	KLIC	KLICH-LM-29apr20.megahit.nv.contigs	798640	495659	31274	10673	2279	591	1441395638	1177218305	370748062	231814751	107674985	50960434	798639	631993	1441395613	1966	882	9026.8	153197	623782	0.00
S	H	KLIC	KLICH-SM-11aug21.megahit.nv.contigs	3496429	423368	33635	11433	2461	628	2421773969	1094870068	397825925	247305761	115048275	53144933	1307123	548171	1693788852	1514	595	7826.8	218539	996093	0.00
S	H	KLIC	KLICH-SM-12aug20.megahit.nv.contigs	3282850	512008	46013	15394	3248	761	2627228160	1381862225	528172703	320428716	142282356	58580155	1409282	315997	1993338087	1792	613	7443.9	216359	1048902	0.00
S	H	KLIC	KLICH-SM-24nov21.megahit.nv.contigs	2773115	406045	33924	10804	2240	596	2131415015	1070957706	388266148	231683112	106865558	51645823	1158196	389596	1581605006	1693	605	7884.3	185792	870185	0.00
S	H	KLIC	KLICH-SM-25nov20.megahit.nv.contigs	3245684	528848	52314	19818	5165	1486	2820166870	1563176317	689276830	467674618	249343846	124064093	1454310	527192	2196591839	2032	628	11473.6	189049	1061458	0.00
S	H	KLIC	KLICH-SM-28apr21.megahit.nv.contigs	4282482	450568	30023	9348	1755	386	2678461469	1071292198	326812663	187721862	76668873	31217644	1462561	527503	1755345548	1328	584	5507.8	281163	1137212	0.00
S	H	KLIC	KLICH-SM-29apr20.megahit.nv.contigs	561606	413556	32669	11054	2515	642	1205881604	1071538890	390074822	244000308	117807561	54282047	561605	376441	1205881479	2530	979	10528.5	95037	427459	0.00
			
S	E	KOZK	KOZKE-SM-21mar22.megahit.nv.contigs	2559400	338269	26905	9091	1932	534	1904009481	871801513	318308692	197418549	92451217	45869337	1110388	426679	1391363781	1428	583	7703.8	188805	851870	0.00
S	E	KOZK	KOZKE-SM-21sep21.megahit.nv.contigs	2164585	318473	26497	9712	2403	703	1718146527	863222617	340789784	226854355	118228054	60855772	944873	654616	1289577544	1650	606	10262.1	144426	710096	0.00
S	H	KOZK	KOZKH-SM-21mar22.megahit.nv.contigs	2578787	360281	25671	8517	1838	485	1926487001	886724409	300826636	184539743	86459708	40446557	1158261	312050	1426172077	1371	584	6858.6	210526	893738	0.00
S	H	KOZK	KOZKH-SM-21sep21.megahit.nv.contigs	2185647	303779	22974	7322	1735	534	1610712248	782719150	274263835	168503737	86012551	45151380	870537	329033	1168816257	1618	607	8229.2	144741	657831	0.00
			
L	E	KUCX	KUCXE-LM-01sep20.megahit.nv.contigs	3641922	434396	20484	6021	1256	314	2440634979	930222735	222184691	125860345	55619665	23733270	1581887	187011	1707749029	1102	573	4050.7	361559	1262523	0.00
S	E	KUCX	KUCXE-SM-01sep20.megahit.nv.contigs	4233809	525980	36369	11594	2261	541	2887559597	1277039715	406788183	239441681	102718386	45113112	1593222	446005	2004356840	1431	597	6234.8	293464	1225510	0.00
S	E	KUCX	KUCXE-SM-04may22.megahit.nv.contigs	3548564	443294	26805	6893	1120	241	2368619492	1004246548	262383837	129079880	46703014	17353013	1387572	163709	1642282752	1317	582	4054.3	282594	1082848	0.00
L	H	KUCX	KUCXH-LM-01sep20.megahit.nv.contigs	3904292	528352	33368	10912	2362	552	2833851133	1252285651	382445009	231238210	104164500	42987824	1713371	398253	2059506768	1311	589	5717.7	332404	1333327	0.00
S	H	KUCX	KUCXH-SM-01sep20.megahit.nv.contigs	4091919	551204	42705	13329	2549	558	2951931873	1380950412	467440449	268482127	109297332	42742520	1628593	309236	2117142063	1517	603	6001.8	285096	1242364	0.00
S	H	KUCX	KUCXH-SM-04may22.megahit.nv.contigs	4106952	476475	32931	10026	1940	439	2714979340	1142198202	355227011	200733885	83080357	32751499	1525531	274654	1852683058	1353	587	5226.7	289106	1182912	0.00
			
L	E	LAND	LANDE-LM-16jun20.megahit.nv.contigs	3287229	448026	29659	8466	2082	529	2412463507	1093679338	334199225	193526145	99533208	46913172	1438670	758028	1766974060	1383	591	7136.9	267251	1113233	0.00
L	E	LAND	LANDE-LM-30jul20.megahit.nv.contigs	2911268	447503	35751	12815	3132	847	2365226131	1176734275	444086164	288183093	144959453	66956145	1379874	356153	1812488301	1532	601	8026.7	225066	1048832	0.00
S	E	LAND	LANDE-SM-16jun20.megahit.nv.contigs	1993784	328657	39518	15969	4128	1174	1833869679	1084651880	544965732	383033689	204687592	104015391	860314	758052	1449386916	2619	652	15049.0	90536	605740	0.00
S	E	LAND	LANDE-SM-30jul20.megahit.nv.contigs	1815773	330745	36021	13466	3663	1128	1751164231	1043084555	492155584	338700411	193284466	106519300	877775	733251	1417204312	2372	641	15792.0	101351	626851	0.00
L	H	LAND	LANDH-LM-16jun20.megahit.nv.contigs	2451048	365583	33331	12728	3528	1196	2083370268	1073582220	473608416	333652122	196037843	115753220	1162088	505210	1611359946	1740	600	14523.8	156336	867292	0.00
L	H	LAND	LANDH-LM-30jul20.megahit.nv.contigs	2366672	394567	34610	13374	4001	1364	2105187760	1152086870	501720089	357320288	217321202	126184728	1142234	603522	1661832610	1870	617	14695.3	151758	842375	0.00
S	H	LAND	LANDH-SM-16jun20.megahit.nv.contigs	1720694	322305	36667	14763	4095	1269	1715976420	1050413962	518851022	368765640	208901306	112483839	834210	485435	1402479289	2559	654	15395.7	89284	588491	0.00
S	H	LAND	LANDH-SM-30jul20.megahit.nv.contigs	2162640	362008	36716	14218	3484	879	1908154223	1072938413	472712683	319162896	158393315	70001504	984977	548696	1498586881	2077	629	10375.6	128004	717204	0.00
			
S	E	LUGA	LUGAE-SM-06jul21.megahit.nv.contigs	3067253	384403	27835	8772	1899	446	2083348764	962461229	315311531	186868689	86050639	36829335	1087035	391578	1441645181	1587	607	6938.1	189275	824649	0.00
S	E	LUGA	LUGAE-SM-17may22.megahit.nv.contigs	2786486	338796	23408	8002	1662	379	1905902976	822784404	270788532	166256742	72958067	30603979	1099423	360951	1338223624	1341	586	6297.1	204884	852084	0.00
S	H	LUGA	LUGAH-SM-06jul21.megahit.nv.contigs	3789682	424889	29086	10699	2618	725	2545770962	1050547125	369766721	244996027	124526670	60295773	1464325	365033	1753515985	1286	583	7576.4	270514	1138841	0.00
S	H	LUGA	LUGAH-SM-17may22.megahit.nv.contigs	3729271	429693	35930	12645	2929	802	2541310806	1145292079	438933566	280350239	137312456	64931555	1321275	572656	1749369252	1577	598	8317.6	209819	1000573	0.00
S	X	LUGA	LUGAX-SM-06jul21.megahit.nv.contigs	2682299	456887	42493	15855	3772	921	2349999358	1290015845	532386439	350729426	170747746	74149087	1278469	453136	1850550599	1870	619	9368.8	181491	945091	0.00
S	X	LUGA	LUGAX-SM-17may22.megahit.nv.contigs	2196007	374110	33991	12392	3230	967	1928973339	1058745406	439704908	292722614	156260042	78962140	1059606	629277	1525632857	1847	616	10554.1	149514	784487	0.00
			
S	E	MAGG	MAGGE-SM-12jul21.megahit.nv.contigs	2909988	358543	25112	7561	1222	257	1992506926	848029367	263182142	144282667	52529906	20409926	1173293	352979	1399071650	1304	584	5005.3	227534	913855	0.00
S	E	MAGG	MAGGE-SM-16may22.megahit.nv.contigs	2823723	389688	25035	6523	1068	233	1997762564	905891072	247638778	123765275	45837153	17903884	1168047	220185	1432893695	1405	588	4502.1	228270	903486	0.00
S	H	MAGG	MAGGH-SM-12jul21.megahit.nv.contigs	2087693	287518	31843	12665	3511	1054	1686424026	919834151	443800634	312900994	175232039	91397607	781911	634320	1256019928	2378	632	14466.2	87376	557909	0.00
S	H	MAGG	MAGGH-SM-16may22.megahit.nv.contigs	1846160	235396	26954	10909	2912	898	1434850501	762138720	376385048	266324838	146262790	77220039	659317	633981	1049908272	2361	627	14321.9	72051	471424	0.00
			
L	E	MAJC	MAJCE-LM-01sep20.megahit.nv.contigs	4274929	540555	33891	10271	2024	377	2975977604	1256012054	362841433	204189505	82406269	27328751	1804869	342983	2114040783	1264	584	4627.3	362450	1413037	0.00
S	E	MAJC	MAJCE-SM-01sep20.megahit.nv.contigs	4847716	571723	50619	16513	3359	790	3314702718	1532134041	574132167	342986671	148907122	62788178	1652907	633392	2267893132	1710	608	7314.3	259615	1240400	0.00
S	E	MAJC	MAJCE-SM-04may22.megahit.nv.contigs	2485470	302599	21297	5801	725	137	1687608078	703683762	206673665	101630838	29871787	10828786	994005	463948	1171314240	1287	582	4287.0	197835	776503	0.00
L	H	MAJC	MAJCH-LM-01sep20.megahit.nv.contigs	2421937	340165	26028	9125	1573	241	1825389185	836422657	287882408	172467528	60826201	17112043	1094666	272819	1350240691	1363	592	5189.6	200557	846093	0.00
S	H	MAJC	MAJCH-SM-01sep20.megahit.nv.contigs	4754169	556473	45697	15172	2817	620	3199957387	1428245902	510696507	303121082	121267492	48483731	1664750	339508	2183219884	1546	601	6412.9	280893	1265671	0.00
S	H	MAJC	MAJCH-SM-04may22.megahit.nv.contigs	3876940	459564	29094	8370	1471	320	2535429059	1062595629	302380520	162905766	62745634	24373202	1437165	234494	1725778387	1331	588	4726.8	285177	1118288	0.00
			
S	E	MALA	MALAE-SM-18aug21.megahit.nv.contigs	5256562	608462	38382	10839	1931	451	3413801254	1405919538	397908506	212663210	84468372	35397725	1949970	289509	2313817790	1307	584	4799.2	389021	1521191	0.00
S	E	MALA	MALAE-SM-19may22.megahit.nv.contigs	4359973	514677	25523	6581	986	192	2820137378	1087579218	246786678	120142387	40397562	14155430	1754411	200545	1927632291	1150	576	3371.2	398981	1394858	0.00
S	H	MALA	MALAH-SM-18aug21.megahit.nv.contigs	5195567	629601	43815	13763	2494	512	3508187551	1506034301	473723429	270031536	105411693	39545416	1998877	380285	2434804937	1355	589	5280.5	379173	1549247	0.00
S	H	MALA	MALAH-SM-19may22.megahit.nv.contigs	4089313	508969	27489	7376	1155	194	2709580402	1113912764	270791142	135997944	46481801	14445375	1632453	218264	1876110654	1242	583	3722.0	350431	1284467	0.00
			
S	M	MARK	MARKM-SM-01sep21.megahit.nv.contigs	4310932	467404	33867	10405	1839	350	2753756000	1128247824	359848790	200904938	76845427	26979454	1510018	384074	1832691895	1352	585	5204.8	283397	1170515	0.00
S	M	MARK	MARKM-SM-19may22.megahit.nv.contigs	3470830	355698	22764	6534	1037	194	2112191932	816905474	231482591	121994480	42398222	14412815	1157362	269501	1360001919	1280	584	4323.5	233850	905127	0.00
			
L	E	MEDD	MEDDE-LM-14apr20.megahit.nv.contigs	3707837	414341	20868	5955	1235	393	2426272633	904028766	233392874	133592803	65279704	37097348	1559744	386974	1674973851	1092	570	5591.3	350589	1245497	0.00
L	E	MEDD	MEDDE-LM-14jul20.megahit.nv.contigs	3813944	426383	27668	8779	2023	659	2559417002	1013109498	335255990	207407924	108664149	62462765	1554886	907761	1780007810	1175	579	8806.9	312354	1223807	0.00
L	E	MEDD	MEDDE-LM-19oct20.megahit.nv.contigs	3812204	397373	20016	6288	1452	411	2450692867	874990593	239612837	147721082	76264352	41104626	1556216	706851	1659397252	1059	571	7074.0	353327	1245179	0.00
S	E	MEDD	MEDDE-SM-04may21.megahit.nv.contigs	2409288	370377	38360	14676	3751	1018	2008689822	1110664982	501842968	340098224	177742334	85757199	989801	408941	1535594067	2132	636	11595.5	124554	716932	0.00
S	E	MEDD	MEDDE-SM-14apr20.megahit.nv.contigs	2639479	354097	29934	9868	2132	573	1939362816	947147063	356873497	220711493	106927134	54535679	1027835	488530	1404392215	1685	604	9826.3	160946	771992	0.00
S	E	MEDD	MEDDE-SM-14jul20.megahit.nv.contigs	1996421	262557	27071	9484	2462	840	1548398706	797723487	360330193	240500442	137134044	81568392	760334	907719	1136330142	2061	618	16102.6	95182	555413	0.00
S	E	MEDD	MEDDE-SM-19oct20.megahit.nv.contigs	2091314	264960	26557	8827	1644	452	1525384134	742912515	308076393	186686375	82146662	42312239	776813	464576	1091263974	1786	610	9652.0	112803	578772	0.00
L	H	MEDD	MEDDH-LM-14jul20.megahit.nv.contigs	1844838	263352	25620	10514	3244	1128	1571615587	816849730	390887753	287956477	178477208	105861671	846850	979718	1214131859	1847	609	17121.1	102730	626445	0.00
L	H	MEDD	MEDDH-LM-15apr20.megahit.nv.contigs	2647445	293619	20260	7163	1906	593	1824719893	745404547	271480113	182806062	104109347	59692645	1088930	596133	1278434164	1245	575	10936.8	197865	850018	0.00
L	H	MEDD	MEDDH-LM-20oct20.megahit.nv.contigs	2886340	379855	25873	8648	2200	740	2123774345	942538305	323607259	206940191	112111269	62506695	1275530	474537	1549926890	1327	586	7996.2	233043	988743	0.00
S	H	MEDD	MEDDH-SM-14jul20.megahit.nv.contigs	1687960	298788	38846	15278	4084	1416	1658137409	1053320227	555008228	393461833	226395695	135489333	706274	644863	1334186578	3288	688	20527.6	66814	478360	0.00
S	H	MEDD	MEDDH-SM-15apr20.megahit.nv.contigs	2064148	305315	32499	11883	2645	723	1690679650	913808046	407256398	266172357	129387656	64736812	846762	559821	1280912574	2098	619	11771.5	108323	615528	0.00
S	H	MEDD	MEDDH-SM-20oct20.megahit.nv.contigs	2442703	369023	38495	14525	3859	1177	2028616841	1134891774	520018317	356547006	197498342	106102335	958606	889429	1539917881	2296	646	14276.8	115783	686883	0.00
			
L	E	MILA	MILAE-LM-05may20.megahit.nv.contigs	3663314	487870	27161	7469	1444	427	2552471326	1101216969	289100494	157629182	71434812	36724633	1561389	391711	1829060002	1283	584	5264.0	321976	1222633	0.00
L	E	MILA	MILAE-LM-05oct20.megahit.nv.contigs	4232884	383019	20429	5364	1022	342	2612463850	828118375	217656893	116912621	54954464	31921750	1707954	492256	1721323070	963	562	4910.8	416202	1383003	0.00
L	E	MILA	MILAE-LM-27jul20.megahit.nv.contigs	4215061	456938	48261	16141	1791	278	2918739317	1240774174	498646795	277899958	71106858	22202548	1638162	370066	2039804181	1408	586	5305.2	267586	1260610	0.00
S	E	MILA	MILAE-SM-05may20.megahit.nv.contigs	2952583	403794	39511	13313	3084	841	2245197974	1156444987	477011471	299104644	148010296	72152224	1117457	504612	1641486525	1970	618	9892.3	155947	821497	0.00
S	E	MILA	MILAE-SM-05oct20.megahit.nv.contigs	2257315	271287	28521	10489	2455	742	1617709743	818181937	368677209	245239305	126948306	68485277	736244	809806	1135501020	2148	629	13770.7	92541	533148	0.00
S	E	MILA	MILAE-SM-27jul20.megahit.nv.contigs	3424426	324198	23578	7837	1564	415	2143124529	796482628	274631981	167930112	76006367	37749908	1226357	816903	1407281234	1179	577	7364.4	238309	963968	0.00
L	H	MILA	MILAH-LM-05may20.megahit.nv.contigs	2776443	374515	34161	13083	3299	947	2132524910	1062653667	452635746	309007620	162212039	82305440	1130699	369287	1574742859	1734	603	10705.3	159599	843496	0.00
L	H	MILA	MILAH-LM-05oct20.megahit.nv.contigs	2519625	390605	36692	13354	3379	1078	2112280567	1125557304	479434232	320360547	173150899	94213683	1121194	652179	1624323606	1877	618	11748.7	153933	828293	0.00
L	H	MILA	MILAH-LM-28jul20.megahit.nv.contigs	4583900	466169	28070	9876	2648	734	2973591331	1098254109	360712550	237839030	129783663	64299271	1818168	906517	2014467899	1106	573	7470.0	379480	1441537	0.00
S	H	MILA	MILAH-SM-05may20.megahit.nv.contigs	3142771	355520	26666	8214	2061	652	2204271865	899260206	319284303	194472721	104655728	56096971	1346728	490117	1562099431	1225	570	7729.4	248135	1054096	0.00
S	H	MILA	MILAH-SM-05oct20.megahit.nv.contigs	2953459	450790	44836	16446	4171	1220	2439333225	1336151233	585068503	391674297	209033114	108324731	1201751	372906	1850875196	2109	635	12222.6	155765	872223	0.00
S	H	MILA	MILAH-SM-28jul20.megahit.nv.contigs	2488463	358463	31934	12112	3288	986	1971102579	1021704620	432581382	297815176	165887195	87526351	1015874	419510	1471684993	1842	620	12088.1	141033	751045	0.00
			
L	E	MOND	MONDE-LM-13jul20.megahit.nv.contigs	73320	2971	12	6	1	0	39422243	3770825	151525	117966	36403	0	34220	36403	24694637	710	539	894.8	13429	29458	0.00
S	E	MOND	MONDE-SM-13jul20.megahit.nv.contigs	4300490	479532	29207	8128	1368	300	2732033479	1085873821	297251304	155462979	58673464	23117180	1556548	261306	1816504374	1264	583	4417.8	320579	1219385	0.00
S	E	MOND	MONDE-SM-25apr22.megahit.nv.contigs	1171155	137886	9428	2235	378	100	812708491	320849696	91631584	43564325	17457184	7813636	497559	201778	559965369	1207	565	4353.5	100527	391927	0.00
L	H	MOND	MONDH-LM-13jul20.megahit.nv.contigs	4455493	449392	22708	6524	1220	285	2780243177	959052565	239984059	131222559	53928043	22485122	1762394	316580	1845411621	1041	567	3949.0	413761	1415492	0.00
S	H	MOND	MONDH-SM-13jul20.megahit.nv.contigs	4649976	438566	28974	8257	1467	341	2708044775	1029352129	302155188	162418237	64266392	26605678	1368286	579087	1661436340	1354	589	5076.9	266322	1061524	0.00
S	H	MOND	MONDH-SM-25apr22.megahit.nv.contigs	3191406	381883	25170	7850	1622	398	2139325729	908928485	280252716	163224873	72010399	30826346	1211564	361867	1472164576	1346	588	5633.4	231602	939641	0.00
			
L	E	MOST	MOSTE-LM-03aug20.megahit.nv.contigs	4071107	363690	23897	8154	1661	375	2565807182	843961905	275730266	168915659	72302007	30280305	1641725	270072	1705310797	989	564	4959.1	372435	1320186	0.00
L	E	MOST	MOSTE-LM-20apr20.megahit.nv.contigs	3442525	404698	18565	3841	803	237	2253549268	869269706	180283350	84205895	40597576	21328549	1419209	342765	1551401702	1152	572	4155.9	317320	1128599	0.00
L	E	MOST	MOSTE-LM-29sep20.megahit.nv.contigs	3628077	516635	26565	6817	1531	444	2590230590	1154579136	283607763	153505125	76682141	39892578	1584475	656402	1885498189	1307	593	5743.6	329994	1237907	0.00
S	E	MOST	MOSTE-SM-03aug20.megahit.nv.contigs	2457101	341889	35241	10715	2029	660	1870309023	983631444	404102235	237474248	112225587	66482421	905019	836478	1367810229	2089	629	11852.5	126207	660385	0.00
S	E	MOST	MOSTE-SM-20apr20.megahit.nv.contigs	2169123	269357	22889	6816	1317	376	1545188068	701228673	254554782	145680407	65742694	33675088	856061	519923	1095697089	1508	586	7804.4	142359	653237	0.00
S	E	MOST	MOSTE-SM-29sep20.megahit.nv.contigs	2205204	258451	30600	10835	2604	826	1582642602	831701377	395613060	260525703	139577882	79266558	648835	670942	1098418422	2642	653	15993.4	73958	455676	0.00
L	H	MOST	MOSTH-LM-04aug20.megahit.nv.contigs	4395953	490672	27595	8217	1757	519	2932133989	1091198027	310126260	179484846	86109356	44122489	1891583	400834	2040747169	1077	572	5283.4	422357	1509703	0.00
L	H	MOST	MOSTH-LM-21apr20.megahit.nv.contigs	2995656	379390	22850	8204	2373	605	2129601497	917073136	296488408	198325049	110014958	49703265	1295377	535686	1535572430	1282	582	7346.9	246551	1010242	0.00
L	H	MOST	MOSTH-LM-29sep20.megahit.nv.contigs	2953424	399007	29459	10129	2633	795	2233635466	1028227108	374592253	244253791	133132534	70784676	1310888	828271	1647861341	1407	591	9438.4	224470	1007375	0.00
S	H	MOST	MOSTH-SM-04aug20.megahit.nv.contigs	3353018	412993	34178	11512	2877	878	2344557805	1120356629	427529190	274624309	147509972	79386771	1168110	486844	1635463873	1751	613	10363.2	178365	872058	0.00
S	H	MOST	MOSTH-SM-21apr20.megahit.nv.contigs	3192582	359747	30958	9951	2210	577	2118934249	965614209	358993136	217378616	103700228	48358299	1051738	519685	1433032352	1709	600	8262.7	164631	789589	0.00
S	H	MOST	MOSTH-SM-29sep20.megahit.nv.contigs	3528456	417461	38297	13492	2988	845	2428450634	1162278296	469430645	300252755	145402244	73420979	1167177	577195	1673438231	1834	617	9936.7	169757	864963	0.00
			
S	M	NMUS	NMUSM-SM-11aug21.megahit.nv.contigs	663673	126188	17617	9265	3946	1834	872838500	608412931	409590358	351776270	269723137	195088272	338800	1055280	753391035	7390	697	48893.2	12180	210592	0.00
S	M	NMUS	NMUSM-SM-24may22.megahit.nv.contigs	1355162	243368	22491	10510	3815	1375	1338927574	789358331	391071815	309339116	205415043	121169504	694601	518259	1095758743	2214	623	18291.5	72805	498142	0.00
			
S	M	NVAL	NVALM-SM-11aug21.megahit.nv.contigs	1522549	297853	39010	16244	4503	1441	1640013471	1061551391	570671637	413757367	236422374	132211981	746230	861100	1367896001	3219	665	19194.7	67578	508508	0.00
S	M	NVAL	NVALM-SM-24may22.megahit.nv.contigs	1717440	304855	29131	9831	2250	678	1548750877	870569411	356369663	225560832	113742813	60556679	843637	850592	1236536964	1959	617	11248.0	118457	620651	0.00
			
S	E	ORTA	ORTAE-SM-12jul21.megahit.nv.contigs	2378989	365414	28672	10551	2701	929	1954475603	994497385	394269797	271416524	154699808	94909067	1123861	732585	1510032283	1599	602	14002.5	171887	848274	0.00
S	E	ORTA	ORTAE-SM-18may22.megahit.nv.contigs	1792752	302844	28829	8511	1666	583	1538763968	849892116	329289049	192428448	94148358	57993539	820511	811303	1200879244	1983	616	11818.6	119883	603605	0.00
S	H	ORTA	ORTAH-SM-12jul21.megahit.nv.contigs	2266307	336148	34244	12228	2983	885	1827927291	1003059588	438631882	288771480	152391741	81259824	880886	965376	1375691756	2186	635	13165.5	113407	636376	0.00
S	H	ORTA	ORTAH-SM-18may22.megahit.nv.contigs	2449602	357230	33681	12205	3002	862	1926579607	1022302509	426896670	280670234	144617992	71734823	968594	408663	1438733265	1966	622	10275.3	133794	710167	0.00
			
S	M	PAMV	PAMVM-SM-15sep21.megahit.nv.contigs	3395246	561665	48114	14646	2815	732	2826768817	1477704379	531810702	305705096	133935706	64058658	1623582	700781	2199535602	1674	605	7981.0	262861	1223375	0.00
S	M	PAMV	PAMVM-SM-24mar22.megahit.nv.contigs	1560821	255949	19414	6603	1757	519	1289096896	679601917	247205550	161011310	88746307	46610931	719341	490914	995032815	1718	610	9988.7	113842	538929	0.00
			
S	E	PAVN	PAVNE-SM-22sep21.megahit.nv.contigs	1379531	268301	27155	9805	2724	892	1357988904	823892522	366329478	248818409	143537307	80926121	690980	797425	1111788037	2338	637	14591.9	85100	493675	0.00
S	E	PAVN	PAVNE-SM-24may22.megahit.nv.contigs	1717695	298486	30677	12117	3274	974	1609697590	904215633	418599633	291752032	158895462	80747637	885802	511515	1302758685	1960	613	11979.2	110396	650237	0.00
S	H	PAVN	PAVNH-SM-22sep21.megahit.nv.contigs	2187018	396588	39034	14773	4139	1316	2046554036	1196699302	535183979	370044605	211408507	115145465	1054988	422888	1646654365	2163	633	13270.1	131721	761885	0.00
S	H	PAVN	PAVNH-SM-24may22.megahit.nv.contigs	1717795	320393	32154	11118	2601	748	1597748991	939458445	396781277	254125085	127926458	65322299	830291	617585	1287678631	2161	633	11103.1	111330	601167	0.00
			
S	M	PEPS	PEPSM-SM-09aug21.megahit.nv.contigs	4882038	550330	36932	10876	1834	316	3148362228	1290851065	380630049	204959693	72953370	22241254	1768301	225426	2115176751	1323	585	4433.9	345761	1376484	0.00
S	M	PEPS	PEPSM-SM-22may22.megahit.nv.contigs	3223054	393752	26685	7183	1102	219	2145162812	923134168	264841926	133586765	46257552	16776235	1196727	405009	1469484107	1389	593	4549.9	232307	926388	0.00
			
L	E	PIBR	PIBRE-LM-20jul20.megahit.nv.contigs	5369696	719336	32384	11188	1980	444	3712330975	1513195811	371178253	227509977	91879903	40789552	2457872	682194	2697898308	1135	579	5030.3	564838	1956441	0.00
S	E	PIBR	PIBRE-SM-20jul20.megahit.nv.contigs	2545835	372658	24778	8312	2334	866	1927616013	949916250	337350313	226220054	138189839	87593526	1076527	625918	1433396952	1540	611	12930.6	181550	816820	0.00
S	E	PIBR	PIBRE-SM-23jun22.megahit.nv.contigs	1961547	308025	23538	8837	2514	804	1595586310	837552149	326656856	227150839	132858024	74184699	874381	524600	1223834741	1720	612	12368.3	131736	653009	0.00
L	H	PIBR	PIBRH-LM-20jul20.megahit.nv.contigs	1976031	352519	41444	18164	5713	1912	2012231337	1226771714	652186666	492130606	302793962	172416044	974298	917398	1651544961	2720	644	19240.6	89908	682708	0.00
S	H	PIBR	PIBRH-SM-20jul20.megahit.nv.contigs	1045948	206265	26750	11465	3269	1049	1134045990	737985264	401189831	295856990	172434405	97204826	509838	513193	947154437	3249	678	19660.7	44947	346950	0.00
S	H	PIBR	PIBRH-SM-23jun22.megahit.nv.contigs	2018646	288664	25145	9000	2118	720	1618160227	798347471	327564594	217450160	116309476	69380251	927438	841510	1229476308	1584	594	12067.4	139658	701450	0.00
			
L	E	PLES	PLESE-LM-01jun20.megahit.nv.contigs	1662949	277344	30789	12967	4237	1695	1642832792	960224106	515121621	392561006	261671548	173529276	830032	717612	1337635342	2440	631	25269.8	76486	591300	0.00
L	E	PLES	PLESE-LM-06aug20.megahit.nv.contigs	1457262	210503	23158	11347	4726	2030	1429590661	824922856	490391567	409780210	307878369	213331477	689890	993789	1149376891	2842	623	36025.9	46137	483524	0.00
S	E	PLES	PLESE-SM-01jun20.megahit.nv.contigs	1167018	243569	34030	15963	5661	2485	1499104546	1031956251	638698205	514461546	358656756	248165064	634383	858114	1299661335	4716	687	34228.0	36324	412191	0.00
S	E	PLES	PLESE-SM-06aug20.megahit.nv.contigs	1356736	258240	32963	16054	6095	2652	1626678534	1074768505	665173858	548336666	395861040	275478755	718493	1009013	1388909591	4264	663	37571.2	39315	476992	0.00
L	H	PLES	PLESH-LM-01jun20.megahit.nv.contigs	1790907	286702	28378	12448	4201	1713	1699634962	952547025	493905370	384769527	259887941	173410019	896061	738216	1367604182	2101	618	23883.4	90747	649579	0.00
L	H	PLES	PLESH-LM-06aug20.megahit.nv.contigs	1486561	279835	33284	15271	5803	2326	1683268891	1072499433	620352481	496694493	351712566	230390118	788299	858355	1418758463	3287	650	29451.3	55505	538614	0.00
S	H	PLES	PLESH-SM-01jun20.megahit.nv.contigs	1346407	250137	38202	18355	6667	2736	1672569398	1123604386	726024529	588680003	410151679	273408171	698610	785620	1426174922	5333	664	35522.8	35696	449976	0.00
S	H	PLES	PLESH-SM-06aug20.megahit.nv.contigs	1584400	312595	42553	19899	7181	2886	1927708367	1281906138	779046236	622848865	428549351	278822631	854888	785627	1651282411	4140	664	29706.4	52811	567650	0.00
			
S	E	PRSC	PRSCE-SM-22mar22.megahit.nv.contigs	2517651	348291	27959	9380	2070	583	1906651252	899517656	331731731	205640838	98525119	48702688	1115311	287668	1419396135	1452	592	7706.3	188435	854218	0.00
S	E	PRSC	PRSCE-SM-22sep21.megahit.nv.contigs	2439205	375502	26977	9426	2740	870	1954680813	986047260	358838019	241389852	141406786	77288914	1116316	760361	1488791455	1594	600	10411.4	180424	844086	0.00
S	H	PRSC	PRSCH-SM-22mar22.megahit.nv.contigs	2487012	328313	27987	9376	2095	562	1861191912	868405825	331281253	205064187	98352081	47049004	1068134	336457	1368788701	1479	592	7878.0	174479	815996	0.00
S	H	PRSC	PRSCH-SM-22sep21.megahit.nv.contigs	1760594	287982	31719	11963	3098	945	1564985405	903004939	424174991	289418576	157461922	84190392	762070	388713	1226187145	2366	635	13503.9	88896	544062	0.00
			
L	E	RIMV	RIMVE-LM-02nov20.megahit.nv.contigs	4170695	396124	14789	4249	997	307	2531783652	805788934	169211720	99532852	51486261	28065668	1647983	549134	1646089834	979	561	4601.7	413569	1336691	0.00
L	E	RIMV	RIMVE-LM-08jun20.megahit.nv.contigs	5041805	402087	18132	4010	647	174	2786548373	826311508	172272723	78727157	31261582	15579290	1643551	675088	1654609068	998	558	3580.4	403082	1329979	0.00
L	E	RIMV	RIMVE-LM-10aug20.megahit.nv.contigs	4064203	500342	27037	6865	1480	490	2749838468	1136742394	294010986	159760295	82031203	48390806	1637255	546508	1907245212	1271	583	6393.8	336899	1283467	0.00
L	E	RIMV	RIMVE-LM-12oct20.megahit.nv.contigs	4822734	464458	19176	5178	1026	293	3009376157	936812052	203581892	110406857	51090535	26383109	2079870	541823	2026505436	932	561	3904.7	543716	1696847	0.00
L	E	RIMV	RIMVE-LM-15mar21.megahit.nv.contigs	4719977	487493	21814	6403	1615	478	3026314146	1022271620	250810081	148379601	78481079	39509735	2021694	288754	2058530474	993	565	4575.4	494514	1633990	0.00
L	E	RIMV	RIMVE-LM-18may20.megahit.nv.contigs	5696616	579124	19642	5089	972	218	3513775026	1111625717	199002406	102481807	42270516	17307026	2424573	323704	2348658478	951	557	2905.7	643446	1979695	0.00
L	E	RIMV	RIMVE-LM-20jul20.megahit.nv.contigs	4574723	522564	17161	4486	852	189	2892788924	1012117225	173341936	89591531	36858590	14352937	1922354	228251	1963154588	1030	570	2955.7	492455	1554132	0.00
L	E	RIMV	RIMVE-LM-21sep20.megahit.nv.contigs	3176345	431033	24705	7296	1354	282	2293462092	971227219	261544036	144621079	58545188	22709275	1468694	233003	1673781146	1212	579	4517.7	308491	1157356	0.00
L	E	RIMV	RIMVE-LM-27apr20.megahit.nv.contigs	2570841	319212	17434	4851	711	122	1719294946	708714494	172429285	88352053	28507182	9362900	1042283	297436	1195243738	1257	578	3801.8	219614	819428	0.00
L	E	RIMV	RIMVE-LM-29jun20.megahit.nv.contigs	3365885	276037	17783	6620	1685	459	2129226192	650974718	225676611	149638031	76309841	34055100	1419568	270914	1416404160	922	557	5298.7	335724	1150963	0.00
L	E	RIMV	RIMVE-LM-31aug20.megahit.nv.contigs	4194015	537902	28224	9563	2260	606	2959041703	1214160112	346446548	220772033	111788463	56098310	1888509	432929	2129656699	1174	578	6471.6	399616	1491890	0.00
S	E	RIMV	RIMVE-SM-01nov21.megahit.nv.contigs	3428284	477869	37085	11912	2414	614	2547765938	1213331611	422229187	252108504	113591122	53509258	1441426	438811	1867662567	1516	598	7413.2	247148	1099405	0.00
S	E	RIMV	RIMVE-SM-02nov20.megahit.nv.contigs	6054706	778585	63584	21647	4519	1112	4332879995	2026496135	743288467	458223526	206879805	92064733	2352801	429002	3095510060	1556	599	7486.1	387728	1786176	0.00
S	E	RIMV	RIMVE-SM-04apr22.megahit.nv.contigs	3534297	476683	37221	12163	2768	832	2588564849	1230093751	440156148	270736971	133305736	67954276	1414071	386279	1869387903	1561	604	7847.8	235919	1073186	0.00
S	E	RIMV	RIMVE-SM-06apr21.megahit.nv.contigs	4401667	568792	24242	6459	1200	298	3006555649	1164788983	248263017	129878801	54726561	24528547	2035567	454878	2160179204	1083	574	3722.4	487333	1631893	0.00
S	E	RIMV	RIMVE-SM-06jun22.megahit.nv.contigs	3212990	399811	23790	6031	907	182	2145647736	898572732	230832126	111642105	38809133	14526419	1268869	477607	1486977028	1290	584	4165.9	262314	993261	0.00
S	E	RIMV	RIMVE-SM-07jun21.megahit.nv.contigs	3114244	403335	21460	6079	1174	301	2150637462	893299147	229425378	126643327	54992103	25983431	1339892	325169	1526669380	1218	579	4933.7	285059	1055769	0.00
S	E	RIMV	RIMVE-SM-08jun20.megahit.nv.contigs	4787304	541385	38812	12188	2319	531	3134698827	1314612917	427845111	247244132	103752201	43949289	1734259	466924	2123189999	1363	588	5946.1	322546	1342088	0.00
S	E	RIMV	RIMVE-SM-09aug21.megahit.nv.contigs	3270692	415315	26616	7572	1287	298	2239156896	960746344	278259680	150030388	59531464	26285750	1308361	611271	1569165052	1315	590	5455.5	260461	1019046	0.00
S	E	RIMV	RIMVE-SM-10aug20.megahit.nv.contigs	3777401	488798	31155	9382	1906	475	2642710486	1142900094	346271075	199221248	89790640	40836910	1574823	630125	1882591462	1297	589	6093.9	310459	1227313	0.00
S	E	RIMV	RIMVE-SM-11oct21.megahit.nv.contigs	3278674	469011	37830	12326	2520	636	2485097836	1210549748	434710023	262021062	119182774	55711230	1398702	629273	1841852844	1564	599	7970.1	233160	1061894	0.00
S	E	RIMV	RIMVE-SM-12oct20.megahit.nv.contigs	3654275	527974	36841	11510	2370	540	2737197021	1282191056	410400658	239375013	105693641	43841759	1608839	536027	2019337719	1419	597	6144.3	296528	1238574	0.00
S	E	RIMV	RIMVE-SM-14mar22.megahit.nv.contigs	2840863	424402	30771	10303	2507	747	2236464743	1070486712	373989291	235503368	120664836	61180314	1344305	395229	1693827563	1430	592	7670.5	235010	1032403	0.00
S	E	RIMV	RIMVE-SM-15mar21.megahit.nv.contigs	4901468	660365	49521	16361	3616	933	3587384538	1669626610	580473596	355861629	168307270	76713978	2016337	801408	2593955589	1482	599	7428.9	349611	1541524	0.00
S	E	RIMV	RIMVE-SM-16may22.megahit.nv.contigs	3635040	469085	32463	9564	1579	331	2519293194	1114732651	338019363	183833963	68594857	27101103	1450648	386516	1781641857	1381	591	5233.3	276609	1122488	0.00
S	E	RIMV	RIMVE-SM-16sep21.megahit.nv.contigs	3051690	396344	29969	9629	1971	511	2176244673	997333243	339829488	202340423	90506090	41702601	1220599	369063	1555894170	1478	593	6625.5	213169	934589	0.00
S	E	RIMV	RIMVE-SM-18jul22.megahit.nv.contigs	2833847	392864	24810	7951	1571	372	2078069690	923916150	280437079	166648796	73373369	33021968	1287511	655334	1529400395	1296	584	6510.3	251957	1004227	0.00
S	E	RIMV	RIMVE-SM-18may20.megahit.nv.contigs	5967989	726409	41820	12495	2372	516	3991827929	1627194024	446411145	248741004	100891450	39313882	2435360	277486	2781706505	1217	577	4527.7	511277	1917283	0.00
S	E	RIMV	RIMVE-SM-19jul21.megahit.nv.contigs	3129890	412080	29529	9205	1851	462	2225471905	1013374749	330394667	193651094	86446796	39232263	1267373	558472	1593870836	1437	593	6709.0	229308	974415	0.00
S	E	RIMV	RIMVE-SM-20jul20.megahit.nv.contigs	4407025	550293	29771	8341	1493	347	2978799617	1215059241	308290490	165005333	65702813	27247079	1821800	496085	2078110580	1217	581	4411.0	390038	1435826	0.00
S	E	RIMV	RIMVE-SM-21sep20.megahit.nv.contigs	3588758	482191	33492	10577	1939	370	2570617912	1155001847	363007559	208231754	82391359	29630753	1496792	334754	1846807161	1376	594	5409.4	282722	1157369	0.00
S	E	RIMV	RIMVE-SM-22nov21.megahit.nv.contigs	3055388	416866	31265	10371	2319	647	2253513027	1057118567	369465837	228192383	110252996	53864093	1280917	326503	1643149211	1484	595	7406.4	220715	979112	0.00
S	E	RIMV	RIMVE-SM-25apr22.megahit.nv.contigs	3792584	512900	31151	8418	1372	296	2659008296	1165895250	313612827	160882656	60020777	23862402	1600889	267640	1904833596	1316	588	4501.4	325395	1249006	0.00
S	E	RIMV	RIMVE-SM-26apr21.megahit.nv.contigs	3588257	423587	27216	7694	1404	329	2418219277	982853482	283801841	152567415	61082131	24981898	1463924	401856	1683577592	1231	577	4649.8	295800	1150205	0.00
S	E	RIMV	RIMVE-SM-27apr20.megahit.nv.contigs	3938167	513940	32070	9729	1795	386	2712353104	1196141208	344241406	193485693	78003330	30543007	1574592	337924	1915180365	1366	589	5078.0	307950	1221039	0.00
S	E	RIMV	RIMVE-SM-27jun22.megahit.nv.contigs	2340280	367802	24962	7777	1646	401	1816359767	898012504	279309913	163910867	74059587	32516628	1066302	540944	1373541672	1510	600	6426.3	193469	815382	0.00
S	E	RIMV	RIMVE-SM-28jun21.megahit.nv.contigs	3284235	407339	26811	8000	1395	288	2205841156	957963970	283299232	157194166	61467379	23970891	1248918	377434	1530570469	1372	593	5203.4	241239	967325	0.00
S	E	RIMV	RIMVE-SM-29jun20.megahit.nv.contigs	5183906	615537	36901	10694	1621	284	3372087053	1386504156	374972013	198639598	66582031	22568331	1929457	336330	2282676263	1289	589	4274.0	398173	1508122	0.00
S	E	RIMV	RIMVE-SM-30aug21.megahit.nv.contigs	3257684	439234	30290	9037	1710	407	2329116799	1052555037	325439952	181852311	75657615	32006748	1361282	340617	1678888075	1389	592	5496.5	256482	1052194	0.00
S	E	RIMV	RIMVE-SM-31aug20.megahit.nv.contigs	3279787	460254	29679	9047	1746	451	2417007095	1084474118	330348414	191223103	84642783	40564378	1470420	337071	1771334653	1320	589	6167.4	285845	1143439	0.00
L	H	RIMV	RIMVH-LM-02nov20.megahit.nv.contigs	1953431	333012	30004	10841	2833	905	1733815900	952122617	400195698	270076152	151069168	85063515	942068	555308	1367272659	1873	618	13315.4	130428	695504	0.00
L	H	RIMV	RIMVH-LM-08jun20.megahit.nv.contigs	3065584	356674	25019	8828	2742	1029	2200609954	941456217	357729078	248621952	157896009	98822166	1302429	555474	1577997213	1315	580	12104.0	222522	1008996	0.00
L	H	RIMV	RIMVH-LM-10aug20.megahit.nv.contigs	2944332	409824	31253	11346	2878	831	2268697804	1076454633	408348356	273189379	147083988	77203316	1305817	521740	1685735087	1480	596	10440.6	214717	996495	0.00
L	H	RIMV	RIMVH-LM-12oct20.megahit.nv.contigs	2783510	436911	33710	12607	3389	1041	2289138312	1175809291	454209761	311268393	172979979	93378321	1287962	610916	1757266931	1640	609	11118.4	199776	968992	0.00
L	H	RIMV	RIMVH-LM-15mar21.megahit.nv.contigs	4272052	462809	21364	6373	1593	447	2787282193	979321374	245760725	145706348	75553661	36213721	1849490	283979	1916888665	1022	567	4581.1	442151	1489150	0.00
L	H	RIMV	RIMVH-LM-18may20.megahit.nv.contigs	3661264	426135	29427	9406	2382	771	2570220218	1050949944	362385768	227302746	125014520	69368993	1594038	436653	1836233362	1202	575	8033.1	304441	1251016	0.00
L	H	RIMV	RIMVH-LM-20jul20.megahit.nv.contigs	3569039	511454	31166	10489	2478	725	2691219516	1218937588	381610643	242424878	123738192	63738743	1660104	669469	1999889685	1314	588	7521.6	318858	1290804	0.00
L	H	RIMV	RIMVH-LM-21sep20.megahit.nv.contigs	3049866	425617	33587	12224	3265	1003	2383491511	1146942774	443587449	299593938	165954056	88868892	1358082	546918	1776917816	1547	594	10433.6	213950	1031311	0.00
L	H	RIMV	RIMVH-LM-27apr20.megahit.nv.contigs	3008967	383290	27080	9597	2762	974	2250108822	988921610	369189201	250720233	149302609	87879347	1371091	433782	1652023155	1305	576	10063.3	239440	1063252	0.00
L	H	RIMV	RIMVH-LM-29jun20.megahit.nv.contigs	2413512	364093	25686	9118	2741	964	1951754314	958084177	357358970	245885852	150423801	88949931	1143642	653212	1488669496	1502	598	11514.0	186764	871010	0.00
L	H	RIMV	RIMVH-LM-31aug20.megahit.nv.contigs	4362881	622307	51226	17965	5129	1893	3489414033	1734376041	704136939	479177463	288588805	177794195	1943337	639721	2631544176	1641	602	13121.3	287532	1462581	0.00
S	H	RIMV	RIMVH-SM-01nov21.megahit.nv.contigs	2529863	400113	35658	13062	3220	898	2112079413	1122093801	457573762	303666794	158050687	79377400	1139092	894109	1625727465	1817	615	10996.4	163881	845433	0.00
S	H	RIMV	RIMVH-SM-04apr22.megahit.nv.contigs	2720232	403881	28449	9067	2012	526	2100260521	994719849	328817758	198199209	95491559	44990063	1260880	344069	1575288042	1416	590	7033.8	227763	970556	0.00
S	H	RIMV	RIMVH-SM-06apr21.megahit.nv.contigs	2842630	419526	32707	10472	2335	666	2214035881	1076585402	382157367	231702447	112609433	56322046	1291735	434721	1667818352	1506	596	7745.5	218539	985818	0.00
S	H	RIMV	RIMVH-SM-06jun22.megahit.nv.contigs	2339754	395058	35583	12998	3498	1114	2053695963	1136853034	477214236	324516342	183091215	101376854	1102335	544008	1618308896	1923	617	12977.8	150775	810940	0.00
S	H	RIMV	RIMVH-SM-07jun21.megahit.nv.contigs	2669377	408112	37059	12547	3218	1133	2188431966	1161124999	479808142	313660282	175883658	104389403	1155588	517384	1669921680	1875	615	12324.5	162094	854040	0.00
S	H	RIMV	RIMVH-SM-08jun20.megahit.nv.contigs	3644813	526206	44275	16904	4954	1690	2913101780	1493525513	629238105	443680117	264735096	153103617	1569566	587646	2202496415	1743	608	13370.1	220814	1169424	0.00
S	H	RIMV	RIMVH-SM-09aug21.megahit.nv.contigs	2894856	437740	32146	11340	2867	873	2289204022	1132454062	409363641	268495774	142984587	74966578	1323915	382829	1734275080	1535	598	8953.7	219903	1006554	0.00
S	H	RIMV	RIMVH-SM-10aug20.megahit.nv.contigs	2705979	430140	41906	15943	4490	1621	2339001256	1308643513	595626484	418597164	248266643	149558643	1167416	649509	1814390300	2143	635	16061.4	142813	844827	0.00
S	H	RIMV	RIMVH-SM-11oct21.megahit.nv.contigs	2802832	439894	40454	14677	3527	1053	2349776410	1242035920	517335176	341357730	176886369	92943913	1283338	686419	1814458624	1793	607	11240.0	182307	953798	0.00
S	H	RIMV	RIMVH-SM-12oct20.megahit.nv.contigs	2934348	438321	42811	15580	3752	1024	2367137200	1265276520	539039205	353562561	178102154	85494620	1193986	506152	1783696607	1980	629	10575.0	162682	875336	0.00
S	H	RIMV	RIMVH-SM-14mar22.megahit.nv.contigs	2771395	422224	29685	9744	2331	678	2176367734	1049808658	354687042	219977560	110531498	53980582	1305529	405874	1649969334	1438	595	7178.3	232401	1002498	0.00
S	H	RIMV	RIMVH-SM-15mar21.megahit.nv.contigs	4544967	614953	44691	14447	3037	769	3303096830	1528269500	512117181	307629903	140231183	64024424	1864942	385945	2380513549	1464	598	6878.0	331637	1428931	0.00
S	H	RIMV	RIMVH-SM-16may22.megahit.nv.contigs	2730221	437421	41575	14741	3644	1043	2306958351	1250098558	522551587	340137562	175832141	87181422	1225362	642059	1786926961	1908	617	10386.3	170330	903348	0.00
S	H	RIMV	RIMVH-SM-16sep21.megahit.nv.contigs	2805778	434327	39294	13855	3515	1119	2331666312	1225652530	507705177	334856623	181589325	99434418	1273713	843240	1794611318	1786	605	11745.5	181152	947245	0.00
S	H	RIMV	RIMVH-SM-17may21.megahit.nv.contigs	2924644	428517	30093	9377	2257	723	2243260175	1069832247	356258790	216786958	112817712	60667393	1327701	513453	1677474936	1458	589	7671.9	234570	1018462	0.00
S	H	RIMV	RIMVH-SM-18jul22.megahit.nv.contigs	2494493	419293	39977	14377	3931	1255	2201287740	1246621671	542297408	368665542	213761308	122542813	1131000	890052	1732092023	2099	627	16291.3	145922	821398	0.00
S	H	RIMV	RIMVH-SM-18may20.megahit.nv.contigs	3892916	561976	45861	16283	4356	1367	3075205824	1525184865	600949379	399904213	223097463	120783638	1728573	453560	2314175973	1607	595	10498.6	265452	1304141	0.00
S	H	RIMV	RIMVH-SM-19jul21.megahit.nv.contigs	3083705	466995	35801	11803	2789	860	2431527277	1209668002	435690730	273576131	140803445	75137922	1393081	433711	1839833317	1562	602	8714.7	230751	1057306	0.00
S	H	RIMV	RIMVH-SM-20jul20.megahit.nv.contigs	3746860	552708	38323	13259	3342	1068	2878634780	1400153760	490201982	320961683	174638453	97743080	1647353	554965	2148480422	1504	604	9915.7	282775	1255772	0.00
S	H	RIMV	RIMVH-SM-21sep20.megahit.nv.contigs	2772398	431573	41006	15071	3884	1254	2316873972	1266124947	548370841	371861337	205951990	115803592	1174317	641639	1774540067	2026	629	13664.1	154628	857170	0.00
S	H	RIMV	RIMVH-SM-22nov21.megahit.nv.contigs	2257692	356097	31189	11291	2717	766	1881508311	987640570	398530656	263253479	135233910	68587505	1032439	712668	1446590916	1758	606	11041.0	151322	769383	0.00
S	H	RIMV	RIMVH-SM-25apr22.megahit.nv.contigs	2833595	438678	32206	10588	2407	669	2253176125	1105922453	382063756	235877891	115044522	55969631	1333395	355416	1715674408	1483	600	7531.2	231867	1019633	0.00
S	H	RIMV	RIMVH-SM-26apr21.megahit.nv.contigs	3441511	466617	34306	11004	2396	677	2542964833	1163228346	397603143	240289180	113964863	55678362	1501798	318877	1865080153	1394	591	6878.9	268916	1157982	0.00
S	H	RIMV	RIMVH-SM-27apr20.megahit.nv.contigs	3442255	484833	40143	15003	4169	1271	2702588307	1339970298	542175265	371514059	210007620	111369182	1495710	650413	2024092464	1641	598	11191.7	222774	1125140	0.00
S	H	RIMV	RIMVH-SM-27jun22.megahit.nv.contigs	2434799	377687	33047	12650	3448	1048	2050714957	1075068400	454158081	315536909	178099492	96008674	1136068	620029	1589281428	1749	605	12704.8	159695	846841	0.00
S	H	RIMV	RIMVH-SM-28jun21.megahit.nv.contigs	2641613	429524	38930	13849	3616	1224	2268747050	1227494132	515707520	345134972	194168865	112667861	1233020	533541	1773738207	1853	612	12413.4	171083	912170	0.00
S	H	RIMV	RIMVH-SM-29jun20.megahit.nv.contigs	3823077	580683	45189	16418	4305	1443	3055382753	1550661833	600277443	404822251	225444334	128520574	1685005	554965	2309384882	1629	614	11009.4	263402	1267782	0.00
S	H	RIMV	RIMVH-SM-30aug21.megahit.nv.contigs	2352037	389048	37942	13809	3753	1306	2070273195	1166954355	516241026	352001083	203171379	118971603	1057827	686419	1622551760	2115	626	14192.7	134011	767347	0.00
S	H	RIMV	RIMVH-SM-31aug20.megahit.nv.contigs	2844594	464187	42692	15644	4237	1397	2438840146	1354515955	578960291	395139988	224874218	128304698	1249345	666008	1892576265	2024	631	13969.4	166196	911775	0.00
			
L	E	ROSX	ROSXE-LM-31aug20.megahit.nv.contigs	3264159	292558	17141	5065	984	240	2005693811	645589294	185998087	104598637	45035715	20072556	1282520	356536	1311624936	984	562	4466.1	302869	1034825	0.00
S	E	ROSX	ROSXE-SM-06may22.megahit.nv.contigs	3708566	433545	24951	6342	898	167	2453031247	944943763	237716240	112730093	36083724	11804760	1548036	218647	1692900051	1142	568	3428.6	341165	1230243	0.00
S	E	ROSX	ROSXE-SM-31aug20.megahit.nv.contigs	4497125	499111	41459	14353	2948	688	3016472683	1301203349	483803773	299682330	131198921	55788615	1605280	381908	2050027046	1473	592	7133.7	268065	1227539	0.00
L	H	ROSX	ROSXH-LM-31aug20.megahit.nv.contigs	4948768	725095	62964	22270	4739	904	3920842459	1915200081	733583630	456290394	197211100	68485840	2257899	456652	2958652830	1532	599	6812.7	366403	1716659	0.00
S	H	ROSX	ROSXH-SM-06may22.megahit.nv.contigs	3974237	459790	26463	7644	1285	242	2583867337	1023758739	270767406	144312669	52171654	17498391	1531944	227959	1751137990	1215	581	4023.1	324795	1206498	0.00
S	H	ROSX	ROSXH-SM-31aug20.megahit.nv.contigs	4658040	689534	46160	14787	2857	520	3518941823	1636947600	504210991	292254128	116373660	37860076	2133353	299148	2619678709	1371	593	5091.4	407479	1651527	0.00
			
S	M	SANA	SANAM-SM-01aug21.megahit.nv.contigs	934671	155727	17213	7193	2301	943	930927679	543590191	293518016	224764777	151309896	104231923	468427	625233	755427374	2476	623	27691.1	42042	332746	0.00
S	M	SANA	SANAM-SM-14apr22.megahit.nv.contigs	651220	106725	11041	5276	2487	1304	717311025	442361003	268112713	228996330	185860084	143827892	339570	625239	600117545	3346	632	43997.0	18982	232796	0.00
			
L	E	SLAP	SLAPE-LM-11aug20.megahit.nv.contigs	2635428	396864	35895	12440	2732	748	2137567880	1083336378	431314656	271284899	128455409	61747999	1194802	436865	1626725755	1663	605	8613.9	182005	898570	0.00
L	E	SLAP	SLAPE-LM-19may20.megahit.nv.contigs	3865652	369989	11524	2845	622	207	2375808834	722208246	122949012	66171706	33949628	20103417	1646369	445865	1571674315	925	552	3817.7	436222	1346885	0.00
S	E	SLAP	SLAPE-SM-11aug20.megahit.nv.contigs	3470969	494286	36056	11540	2514	625	2553776229	1236602606	413835149	248205083	115583256	51523183	1401265	325220	1858549592	1563	610	6922.9	244261	1064125	0.00
S	E	SLAP	SLAPE-SM-19may20.megahit.nv.contigs	3871212	443339	26524	8399	1614	374	2538156211	1003947175	290700785	168090511	69116643	27556511	1539445	249168	1743655504	1189	575	4680.5	321753	1213954	0.00
L	H	SLAP	SLAPH-LM-11aug20.megahit.nv.contigs	2728297	435067	33673	11621	2891	835	2246099430	1134993692	418899189	269328273	139657719	69812651	1311707	764520	1733987600	1547	605	8870.9	215548	995942	0.00
L	H	SLAP	SLAPH-LM-19may20.megahit.nv.contigs	2324931	346951	23703	6722	1423	448	1799353268	855397141	269992806	156539658	79832214	47021319	1090841	491370	1359433468	1428	592	8669.4	198054	840578	0.00
S	H	SLAP	SLAPH-SM-11aug20.megahit.nv.contigs	3886785	534766	42718	14197	3144	969	2895633640	1398403890	517047478	323335932	160823229	87277466	1582658	902720	2113717297	1584	606	9433.7	257861	1197888	0.00
S	H	SLAP	SLAPH-SM-19may20.megahit.nv.contigs	4147594	539175	48125	16711	4178	1362	3083124709	1507468947	616892314	403446391	218184911	122673181	1617148	514452	2236334908	1729	600	11386.7	234878	1208131	0.00
			
S	E	SMAU	SMAUE-SM-14sep21.megahit.nv.contigs	1331147	244706	28918	12251	3839	1346	1367190831	852174296	450969764	336773367	209310769	123420579	642592	545065	1123571622	2874	650	20197.0	58860	445149	0.00
S	H	SMAU	SMAUH-SM-14sep21.megahit.nv.contigs	1179808	234845	31747	13388	3961	1254	1309071366	854898740	469795738	343662417	201572733	108528182	591373	527775	1098201818	3375	666	18006.9	51256	400590	0.00
			
L	E	STEC	STECE-LM-13jul20.megahit.nv.contigs	1432480	97357	2655	765	101	13	807155930	167466862	25975529	13242978	3582977	836775	590345	100821	495212961	792	543	1734.8	188330	495223	0.00
S	E	STEC	STECE-SM-13jul20.megahit.nv.contigs	3227152	420088	34805	10288	1689	317	2275970427	1063524717	361509059	195084232	71174861	25548951	1212380	396305	1604669489	1583	606	5782.2	208619	920211	0.00
S	E	STEC	STECE-SM-24apr22.megahit.nv.contigs	3504583	447682	24923	6223	850	141	2398602022	973780093	234381341	109415002	33576188	9977173	1526104	189660	1700510218	1182	573	3355.7	333680	1207914	0.00
L	H	STEC	STECH-LM-13jul20.megahit.nv.contigs	3212044	398379	24668	8737	2139	520	2254799047	950577708	305788455	198293064	99764269	44946477	1359206	460031	1604549018	1253	585	6976.0	265019	1062279	0.00
S	H	STEC	STECH-SM-13jul20.megahit.nv.contigs	3754322	440303	36065	12143	2732	694	2563425693	1154331565	424433311	262860692	123527174	54596491	1328410	372776	1758978978	1577	601	7417.7	217081	1006932	0.00
S	H	STEC	STECH-SM-24apr22.megahit.nv.contigs	3221109	376608	25053	7617	1528	339	2143612025	891964520	272030521	154446684	65490695	25851506	1230470	232952	1469541446	1312	584	5221.2	238306	958075	0.00
			
S	M	STIU	STIUM-SM-09apr22.megahit.nv.contigs	2063214	292119	26981	9632	2131	586	1627183315	811033094	331825254	213380289	102282518	50218502	897211	444952	1221872748	1673	603	9246.9	133398	674333	0.00
S	M	STIU	STIUM-SM-27jul21.megahit.nv.contigs	2631010	399944	37928	12723	2729	710	2122726023	1118966424	446257121	275181937	128521719	60215236	1114620	530971	1603750951	1889	613	9219.5	162017	824456	0.00
			
L	M	SZYM	SZYMM-LM-02sep20.megahit.nv.contigs	4405856	501062	17213	4633	725	117	2816130410	964892414	168211260	84362756	28411801	8131445	1916542	177045	1926647050	1001	568	2595.9	499494	1554640	0.00
S	M	SZYM	SZYMM-SM-02sep20.megahit.nv.contigs	6251737	616494	39827	11873	2029	387	3769469524	1427118950	416208820	227535340	84639992	29556802	2032273	303504	2386557478	1271	583	4619.3	407739	1589306	0.00
S	M	SZYM	SZYMM-SM-05may22.megahit.nv.contigs	3925020	476798	32527	9213	1473	271	2634792581	1116466867	330168176	172559537	61289254	21085053	1512135	319629	1819387070	1332	588	4630.5	296104	1176084	0.00
			
S	E	TARN	TARNE-SM-12apr22.megahit.nv.contigs	2329486	387796	34891	12237	2940	831	1988905836	1084320439	435393441	281854764	144581126	72736656	1073955	444587	1552808112	1865	619	10417.0	155328	794496	0.00
S	E	TARN	TARNE-SM-28jul21.megahit.nv.contigs	2279365	345120	34265	12663	3297	1085	1884675166	1041249235	467258025	319952121	181242414	105892547	916986	866689	1432898158	2168	635	15833.1	114249	662195	0.00
S	H	TARN	TARNH-SM-12apr22.megahit.nv.contigs	2084657	357124	35798	12883	3082	923	1855388053	1048702309	454579646	298254568	153023498	79424821	965407	424497	1465720772	2060	631	11440.4	127696	704167	0.00
S	H	TARN	TARNH-SM-28jul21.megahit.nv.contigs	2616519	409412	39145	13964	3297	925	2148888563	1172259789	490549806	318964626	161124444	80569648	1091462	806153	1638556852	1996	627	11037.4	150554	798413	0.00
			
S	E	THUN	THUNE-SM-07sep20.megahit.nv.contigs	2998469	359678	28651	9500	1962	448	2037936987	925557884	325742554	195923049	85637531	34405981	1067039	236080	1404763295	1577	598	6537.6	178686	809508	0.00
S	E	THUN	THUNE-SM-10may22.megahit.nv.contigs	2796540	371428	33042	10833	2031	519	2050198624	989754718	374835485	223355370	94688580	43911190	1090278	383313	1477785039	1663	604	7678.5	172379	820878	0.00
L	H	THUN	THUNH-LM-07sep20.megahit.nv.contigs	2725200	372691	38445	16108	5052	1757	2233367898	1201060421	589857533	437395762	270398677	157144997	1082944	573652	1683992836	2214	624	16493.9	118379	780635	0.00
S	H	THUN	THUNH-SM-07sep20.megahit.nv.contigs	2234726	242182	26636	11996	3528	1099	1587245593	793309873	406538450	305375418	177195504	94550112	707089	420833	1109154789	2242	622	15443.1	73234	507823	0.00
S	H	THUN	THUNH-SM-10may22.megahit.nv.contigs	2586918	278374	28735	11280	2613	629	1737136014	821744749	367816482	248035034	118149907	51207322	800293	590941	1176756077	1947	617	10185.7	104655	587840	0.00
			
L	E	TIEF	TIEFE-LM-14jul20.megahit.nv.contigs	3712927	466153	21062	5935	1128	227	2521742532	974536454	216991881	116194768	46291017	16127492	1670605	239650	1794027399	1095	576	3483.9	391977	1335981	0.00
S	E	TIEF	TIEFE-SM-14jul20.megahit.nv.contigs	4092220	491042	34249	10832	1921	366	2703358579	1188358059	367767810	209128713	78299646	26740931	1447215	359705	1839798784	1472	599	5173.9	266879	1110241	0.00
S	E	TIEF	TIEFE-SM-28apr22.megahit.nv.contigs	3763623	398649	28134	8027	1465	357	2382362367	961135933	297837431	162882284	67248002	29889642	1285182	422961	1561927557	1357	587	5743.1	242386	996347	0.00
L	H	TIEF	TIEFH-LM-14jul20.megahit.nv.contigs	4044291	462796	30045	9429	2038	455	2685535627	1092090868	335609016	196573510	87872330	34236581	1556241	297764	1834119617	1268	583	5270.8	306366	1216131	0.00
S	H	TIEF	TIEFH-SM-14jul20.megahit.nv.contigs	3831047	440540	33420	10454	2044	409	2512201198	1095750463	362264900	207307473	83818240	29322254	1313524	300207	1689941256	1503	599	5520.5	232876	1003999	0.00
S	H	TIEF	TIEFH-SM-28apr22.megahit.nv.contigs	3096684	349821	27095	8537	1414	298	2054331342	866962692	291879619	165900354	62138298	24954593	1136433	420116	1398597830	1384	587	5886.0	205702	877755	0.00
			
S	E	TOTR	TOTRE-SM-26aug21.megahit.nv.contigs	4276954	575026	39116	10645	1731	384	3036483183	1355726588	394528131	203261332	74644686	29443812	1788521	271130	2177327312	1375	589	4686.3	345051	1386414	0.00
S	H	TOTR	TOTRH-SM-26aug21.megahit.nv.contigs	4058661	490218	37033	11628	2127	452	2748166390	1218655143	400652611	228730938	89890594	34121236	1480496	284400	1891302332	1489	596	5588.8	263176	1133250	0.00
			
S	E	TOUS	TOUSE-SM-07sep21.megahit.nv.contigs	2203460	268258	24644	8760	2050	632	1552287203	756590955	310683518	202592258	103319173	55080093	756518	585158	1087922999	1859	612	10721.5	107621	559428	0.00
S	E	TOUS	TOUSE-SM-30mar22.megahit.nv.contigs	2664416	334083	28181	9212	1976	601	1884244963	886308230	334409061	205824022	100245502	53477381	992218	424930	1334035337	1617	604	8957.4	157951	748984	0.00
S	H	TOUS	TOUSH-SM-07sep21.megahit.nv.contigs	2433320	275244	25971	9248	2339	742	1661172768	795667335	337279424	223443826	121978522	67515973	776487	503535	1135957330	1931	615	12232.9	105622	571090	0.00
S	H	TOUS	TOUSH-SM-30mar22.megahit.nv.contigs	2449532	297365	24995	8594	2003	640	1690482951	806657935	312685017	201566121	104363050	58278177	838531	559495	1175777520	1744	613	10947.2	127335	625755	0.00
			
L	E	TRAU	TRAUE-LM-17jul20.megahit.nv.contigs	4483978	579383	20496	3581	318	59	2974006598	1126954636	168977356	58018440	13122702	4616028	2001356	226347	2094752139	1079	575	2291.2	502697	1610162	0.00
S	E	TRAU	TRAUE-SM-17jul20.megahit.nv.contigs	5864831	684431	40141	10677	1591	323	3797013790	1528866914	396521085	199058925	68797017	26608788	2247940	470701	2586194202	1243	580	4209.5	471855	1767206	0.00
S	E	TRAU	TRAUE-SM-29apr22.megahit.nv.contigs	846400	103115	4312	1159	244	62	566500744	212287064	45016576	24231029	10883124	4742658	365195	146396	388263891	1103	565	3724.8	85807	292037	0.00
L	H	TRAU	TRAUH-LM-17jul20.megahit.nv.contigs	2822390	408744	32607	11759	3154	874	2227439781	1090990220	417512649	276739545	147723003	70451136	1269019	423103	1677394541	1552	602	8787.1	202404	962750	0.00
S	H	TRAU	TRAUH-SM-17jul20.megahit.nv.contigs	3376949	386557	32336	11092	2658	718	2259598417	1040329745	394903779	251184438	125664400	59463117	1115151	413367	1535881124	1705	608	8761.8	172919	835917	0.00
S	H	TRAU	TRAUH-SM-29apr22.megahit.nv.contigs	2938825	352936	27446	9523	2243	640	2010394088	923453698	335646466	214552755	106639237	52202896	1046587	559012	1393818250	1600	601	8192.0	170441	791772	0.00
			
S	E	TRCH	TRCHE-SM-16sep21.megahit.nv.contigs	2042782	279237	25720	9543	2425	708	1525810248	804843067	335811820	226115083	120092990	62015840	724571	583686	1108877248	2061	630	11754.4	98520	526729	0.00
S	E	TRCH	TRCHE-SM-23mar22.megahit.nv.contigs	2042613	246178	21094	7688	1736	481	1413485962	670786032	264352948	173020251	84821938	42233158	708652	366207	985836977	1718	610	9506.3	107041	529902	0.00
S	H	TRCH	TRCHH-SM-16sep21.megahit.nv.contigs	2729610	363715	37331	13024	2879	771	2034861609	1058725349	452101583	286327994	136728578	64973067	949957	692180	1459482008	2106	633	10381.5	127812	689647	0.00
S	H	TRCH	TRCHH-SM-23mar22.megahit.nv.contigs	1844470	208504	22449	8247	1900	530	1276128500	630169475	282978932	185948028	91850596	45443494	573825	470481	877693197	2160	620	11061.4	72394	415810	0.00
			
L	E	TSKO	TSKOE-LM-02sep20.megahit.nv.contigs	4642224	461264	22702	7443	1507	314	2962014766	985171144	254755359	151921286	64276239	24222501	1987591	448504	2002443890	983	556	4034.7	477458	1607267	0.00
S	E	TSKO	TSKOE-SM-02sep20.megahit.nv.contigs	5178808	518624	38348	12693	2612	610	3209098909	1299091923	439602897	266222363	117528555	50487721	1649820	467841	2063157324	1433	588	6571.1	292359	1268607	0.00
S	E	TSKO	TSKOE-SM-05may22.megahit.nv.contigs	3725127	492459	23571	6142	962	191	2540339879	1038046920	231274933	114506926	40139957	14495689	1630096	475519	1810046954	1174	579	3602.8	369305	1293223	0.00
L	H	TSKO	TSKOH-LM-02sep20.megahit.nv.contigs	3767286	579389	42262	12712	2366	505	2920498200	1414577125	450756091	251085622	100572573	38321351	1722981	287896	2196470845	1467	601	5463.5	314464	1321805	0.00
S	H	TSKO	TSKOH-SM-02sep20.megahit.nv.contigs	5338907	656570	41442	12300	2355	500	3578000929	1529640316	442406584	246236862	100977711	38590441	2029423	386088	2464675513	1350	592	5049.4	398467	1575343	0.00
S	H	TSKO	TSKOH-SM-05may22.megahit.nv.contigs	3520336	451511	25410	6973	1330	316	2388337125	1010094152	264107186	140577168	59383752	25440266	1427368	685412	1674146391	1276	587	4993.5	297387	1117981	0.00
			
S	E	VANN	VANNE-SM-17may22.megahit.nv.contigs	4307181	442863	28912	8998	1719	374	2655714844	1043324904	313976953	179919944	72838171	27691866	1447683	257301	1722317258	1306	583	5033.7	282291	1128131	0.00
S	E	VANN	VANNE-SM-19aug21.megahit.nv.contigs	4944819	596740	33635	9901	1785	390	3261996191	1326310913	354816894	194984855	77309479	30994522	1963042	387350	2253306749	1225	582	4600.2	415550	1544679	0.00
S	H	VANN	VANNH-SM-17may22.megahit.nv.contigs	4638164	474768	33617	10685	2020	434	2866370525	1153898757	367648020	213171884	86735014	32925904	1512670	276867	1855478777	1382	587	5430.7	280416	1169425	0.00
S	H	VANN	VANNH-SM-19aug21.megahit.nv.contigs	4958684	519820	38318	12295	2447	558	3192752189	1278376618	428737106	252787992	108165263	44384046	1780844	343547	2126650690	1307	580	5893.8	330201	1384965	0.00
			
S	E	VATT	VATTE-SM-16may22.megahit.nv.contigs	3756102	427875	30880	9780	1874	394	2432166379	1047626220	337460869	194973890	78981537	29104561	1282471	215951	1628791104	1466	597	5492.5	232636	983659	0.00
S	E	VATT	VATTE-SM-23aug21.megahit.nv.contigs	4039617	517827	44444	13110	2306	499	2845365374	1335726610	467864727	255448010	99593919	38894228	1479281	522335	1990267896	1643	606	6173.7	246458	1116675	0.00
S	H	VATT	VATTH-SM-16may22.megahit.nv.contigs	3405027	377897	32142	10615	2181	464	2229757517	993299913	361915055	216249344	92197509	34482293	1112330	385576	1491215894	1639	602	6528.8	180339	839766	0.00
S	H	VATT	VATTH-SM-23aug21.megahit.nv.contigs	2794782	323965	27350	9206	2130	558	1888846927	863436671	322856103	200143847	96389151	42996303	958304	322396	1292114085	1660	599	7531.4	151532	721664	0.00
			
S	E	VECH	VECHE-SM-02sep21.megahit.nv.contigs	3737385	437924	36482	11705	2174	542	2528572397	1136076829	408885493	240429854	101520781	46998832	1330909	438021	1739860432	1561	596	7316.9	221105	1011342	0.00
S	E	VECH	VECHE-SM-18may22.megahit.nv.contigs	2410798	310135	23712	7811	1623	390	1715234024	788758585	276398309	168848777	78257626	36645835	957985	742036	1227832269	1486	594	8765.1	164494	732365	0.00
S	H	VECH	VECHH-SM-02sep21.megahit.nv.contigs	3396515	426478	36508	11802	2312	547	2381670488	1121894202	410344708	242491577	104327010	44824365	1242252	329520	1675192209	1653	603	7074.8	200570	936496	0.00
S	H	VECH	VECHH-SM-18may22.megahit.nv.contigs	2703941	302720	24669	7799	1543	402	1788232708	777570371	276859824	162670060	71998619	33368038	941998	334218	1210466189	1500	594	6957.0	159734	719288	0.00
			
L	M	VELN	VELNM-LM-28jul20.megahit.nv.contigs	2561807	329093	23804	8670	2140	601	1880718065	839532153	301610120	199176401	101133320	48464458	1113110	401088	1372421175	1358	589	7833.9	195965	859956	0.00
S	M	VELN	VELNM-SM-07apr22.megahit.nv.contigs	1835119	239216	23848	8643	2073	581	1376577952	697830419	300183796	196485365	98572819	48089000	678560	421469	995973440	1964	615	10121.4	91291	498560	0.00
S	M	VELN	VELNM-SM-28jul20.megahit.nv.contigs	1738197	218792	22491	8305	2020	544	1266515578	648828591	283574456	187037518	93445651	43354907	584372	328952	898215217	2133	630	10045.1	76124	423743	0.00
			
S	E	VOLV	VOLVE-SM-13sep21.megahit.nv.contigs	2369176	391434	37034	14007	3428	929	2023710839	1125492156	472307386	315612155	157663589	73096906	1051372	351677	1575268944	2000	623	9763.3	144128	768929	0.00
S	E	VOLV	VOLVE-SM-21mar22.megahit.nv.contigs	1516201	228596	24304	9370	2418	685	1268919965	697912159	320626369	218994465	115220657	56891971	632429	310604	972347743	2152	623	11607.3	77606	457981	0.00
S	H	VOLV	VOLVH-SM-13sep21.megahit.nv.contigs	2042568	308686	34364	13428	3468	948	1730690561	963108391	453652449	310347785	161527978	76115912	849323	351995	1330354162	2261	625	11434.0	100116	611041	0.00
S	H	VOLV	VOLVH-SM-21mar22.megahit.nv.contigs	1589829	233939	24962	10041	2659	720	1318379994	721803068	337850663	235655132	124920122	58727544	650123	301809	1005266001	2168	626	11703.7	77849	470160	0.00
			
S	M	VORT	VORTM-SM-10aug21.megahit.nv.contigs	3309545	423910	35517	12102	2631	633	2367844670	1117713326	417380927	258453594	118403828	51240894	1254548	950159	1682452915	1616	603	8139.3	201777	947526	0.00
S	M	VORT	VORTM-SM-23may22.megahit.nv.contigs	2727638	377885	27555	8735	1976	507	2018314574	945192481	317629989	190337577	91271895	41043261	1166215	405009	1479396261	1464	593	6900.1	205743	894190	0.00
			
S	E	VRNC	VRNCE-SM-19mar22.megahit.nv.contigs	2126530	313343	28943	9056	1642	446	1654929343	847074626	319764019	184726377	77832129	37607048	883712	302665	1234011270	1785	609	7606.1	136552	659697	0.00
S	E	VRNC	VRNCE-SM-28sep21.megahit.nv.contigs	1834503	252838	25367	9261	2352	808	1461838423	756990841	342167663	232069272	129625466	77224933	751298	865606	1094859720	1931	611	14473.9	96000	552785	0.00
S	H	VRNC	VRNCH-SM-19mar22.megahit.nv.contigs	2188225	307318	22039	7231	1609	419	1603555151	771107383	259290879	159292953	76659186	36338570	889356	372903	1166603991	1550	601	7570.4	154112	676170	0.00
S	H	VRNC	VRNCH-SM-28sep21.megahit.nv.contigs	1840188	248025	26313	10206	2711	827	1452303639	765125100	354713748	244510810	132495246	68197153	703915	847501	1074518822	2144	620	12744.1	85104	510513	0.00
			
S	M	VRNZ	VRNZM-SM-15mar22.megahit.nv.contigs	1255659	233577	21657	8544	2532	854	1197773817	704375850	315236877	226276251	136123556	78372047	627495	641653	972835673	2123	628	15377.0	77779	453695	0.00
S	M	VRNZ	VRNZM-SM-23sep21.megahit.nv.contigs	1330514	258681	35149	15807	5000	1560	1497129954	983306313	553925657	420999601	256152658	137735610	654993	462188	1252976229	3621	670	19515.4	52311	437802	0.00
			
S	E	VSVK	VSVKE-SM-16mar22.megahit.nv.contigs	1367865	233709	24379	7812	1775	479	1211498890	683341221	285119682	173107305	84694099	40604428	631533	379907	953660366	2119	623	9663.6	86102	460315	0.00
S	E	VSVK	VSVKE-SM-24sep21.megahit.nv.contigs	2878836	372988	31684	11092	2388	646	2097372473	994644190	383307020	242584582	114521591	55432228	1137551	463534	1512974410	1588	599	8649.8	180170	860553	0.00
S	H	VSVK	VSVKH-SM-24sep21.megahit.nv.contigs	2324916	321324	29937	10816	2641	725	1780034134	913504305	378251875	248385154	127060856	62403281	898791	425296	1306349997	1899	616	10559.6	126184	662953	0.00
			
S	E	WOLF	WOLFE-SM-14jul20.megahit.nv.contigs	3362789	378147	35817	12969	2711	690	2263280575	1055137479	429209928	273526356	120937014	52865359	1081450	387662	1533485340	1813	612	8114.2	157654	803458	0.00
S	E	WOLF	WOLFE-SM-27apr22.megahit.nv.contigs	2938678	362704	25661	7918	1357	280	2019825715	870023660	270469618	151005084	55363466	19880968	1169584	251095	1416187912	1348	586	4864.0	221892	907543	0.00
L	H	WOLF	WOLFH-LM-14jul20.megahit.nv.contigs	2494384	296364	22910	6988	1366	391	1748724120	736475432	251755347	143927159	62865630	29648284	1038285	361391	1237913806	1287	582	5841.4	191941	808354	0.00
S	H	WOLF	WOLFH-SM-14jul20.megahit.nv.contigs	4153234	453011	38670	13498	3485	990	2733435646	1240587480	486346866	315677560	167371004	82433828	1325235	339638	1833615417	1721	607	9347.4	199650	991599	0.00
S	H	WOLF	WOLFH-SM-27apr22.megahit.nv.contigs	3218601	334022	24630	8158	1614	378	2017517898	829311787	277747127	166320007	70491389	28982912	1054601	492092	1316359262	1424	589	6129.3	188857	811519	0.00
			
L	E	ZLUT	ZLUTE-LM-11aug20.megahit.nv.contigs	3267554	420191	28085	8721	1663	400	2351305248	994777688	308680325	177612798	74883075	32642107	1460802	337469	1699868179	1236	581	5405.4	289179	1145059	0.00
L	E	ZLUT	ZLUTE-LM-24nov20.megahit.nv.contigs	3601406	422882	21399	5276	876	192	2367313004	904533227	208075399	100729254	37566393	14788001	1482422	252329	1620425823	1138	574	3589.9	334304	1179487	0.00
L	E	ZLUT	ZLUTE-LM-27apr21.megahit.nv.contigs	5492750	552479	22983	5875	741	144	3399380713	1092270032	217035436	102081633	29526156	10138895	2300154	166393	2262801284	967	558	2601.0	592300	1871743	0.00
L	E	ZLUT	ZLUTE-LM-28apr20.megahit.nv.contigs	3362338	345555	16416	4277	738	144	2111677045	728710818	162555556	81623394	30962092	11107865	1364558	353956	1409805401	1037	562	3375.1	322169	1098287	0.00
S	E	ZLUT	ZLUTE-SM-10aug21.megahit.nv.contigs	3720931	421989	28840	9054	1697	365	2430293507	1009070926	315148999	181098715	73756474	28503979	1367003	322924	1647710547	1336	584	5343.0	260290	1061730	0.00
S	E	ZLUT	ZLUTE-SM-11aug20.megahit.nv.contigs	5657202	730792	61386	20688	4531	1190	4066753965	1929580980	724800405	448951577	212015995	98465127	2158244	621908	2902986676	1614	606	8093.3	346398	1629751	0.00
S	E	ZLUT	ZLUTE-SM-23nov21.megahit.nv.contigs	3462713	423933	26267	7922	1434	268	2332321963	971835643	279337738	155644724	61034296	22260266	1379831	349779	1620522100	1269	584	4933.4	279585	1079486	0.00
S	E	ZLUT	ZLUTE-SM-24nov20.megahit.nv.contigs	4200944	555667	37655	11719	2227	477	2954660095	1321222597	409921678	234625861	95742789	37019890	1699688	300535	2102590602	1381	596	5404.5	323544	1313879	0.00
S	E	ZLUT	ZLUTE-SM-27apr21.megahit.nv.contigs	3902011	532667	31891	9320	1574	350	2759386922	1204195512	332513971	180350591	68266357	27334662	1694948	317486	1994596697	1278	587	4627.3	348547	1326324	0.00
S	E	ZLUT	ZLUTE-SM-28apr20.megahit.nv.contigs	4282110	527040	31843	9757	1814	388	2851538372	1213908733	342190478	193393806	77289326	29440806	1641565	286167	1969808408	1330	588	4870.6	327014	1277495	0.00
L	H	ZLUT	ZLUTH-LM-11aug20.megahit.nv.contigs	3088358	481461	34764	11773	2832	803	2481951188	1217969933	429594359	273691753	141529368	72082355	1472703	744193	1895242402	1467	600	8943.1	254969	1126245	0.00
L	H	ZLUT	ZLUTH-LM-24nov20.megahit.nv.contigs	4553356	517572	28264	8168	1496	334	3027285322	1132959571	295968589	160923168	64209763	25374385	1956367	316213	2099401430	1092	567	4031.4	437801	1562020	0.00
L	H	ZLUT	ZLUTH-LM-28apr20.megahit.nv.contigs	3251023	392066	26307	8685	1663	402	2293569532	931350794	296495845	176899445	75023214	32510227	1459428	343935	1647890996	1177	573	5428.0	292703	1151029	0.00
S	H	ZLUT	ZLUTH-SM-10aug21.megahit.nv.contigs	3209859	421077	24921	7701	1521	353	2258930681	966365295	276519397	160799107	70799290	31797726	1389274	817100	1621987818	1259	583	6015.2	281841	1088413	0.00
S	H	ZLUT	ZLUTH-SM-11aug20.megahit.nv.contigs	3883087	564863	47664	16482	3741	1076	3017512006	1517853675	585724646	373832377	186152193	95960861	1633653	355679	2248040202	1677	611	9458.0	253387	1226294	0.00
S	H	ZLUT	ZLUTH-SM-23nov21.megahit.nv.contigs	3627320	444209	26522	7865	1316	254	2437649543	1000514254	276802940	151300545	56286775	20771384	1476175	657047	1699613317	1230	581	4745.9	307659	1160243	0.00
S	H	ZLUT	ZLUTH-SM-24nov20.megahit.nv.contigs	3991896	508840	36236	11225	2148	526	2766889583	1237615865	396000340	226834616	94295713	39737303	1546091	322859	1945352288	1430	597	5639.3	284559	1189582	0.00
S	H	ZLUT	ZLUTH-SM-27apr21.megahit.nv.contigs	3300368	470909	31066	9784	1877	415	2439342111	1113106047	340657985	197116265	81350801	32339856	1485510	399223	1802164872	1343	589	5443.0	286320	1153186	0.00
S	H	ZLUT	ZLUTH-SM-28apr20.megahit.nv.contigs	3130636	438973	31757	10282	2326	666	2331448109	1096247541	370830576	225966208	109435483	53344174	1348868	308494	1713023420	1462	593	6929.1	237851	1033799	0.00
			
L	E	ZURI	ZURIE-LM-02sep20.megahit.nv.contigs	1390766	155503	5272	1276	229	50	895673094	300426023	52089868	25795326	10823163	4835375	627016	371479	617420166	974	560	3175.6	163899	510237	0.00
S	E	ZURI	ZURIE-SM-02sep20.megahit.nv.contigs	4221697	425536	27739	8528	1630	405	2554500229	1008686740	305898722	176220976	75296837	34659696	1335670	429848	1625755044	1359	588	5997.1	256079	1035212	0.00
S	E	ZURI	ZURIE-SM-04may22.megahit.nv.contigs	1619827	208479	12073	2723	357	62	1121676044	459290111	109968624	47602147	14415426	4649172	698408	144812	787731178	1223	572	3349.5	149034	550814	0.00
L	H	ZURI	ZURIH-LM-02sep20.megahit.nv.contigs	4291441	442541	26882	9035	2151	565	2820806670	1028226676	325156729	204811143	102014395	48153560	1794689	537984	1939456085	1069	569	6213.5	385920	1430709	0.00
S	H	ZURI	ZURIH-SM-02sep20.megahit.nv.contigs	3933980	424948	33579	11546	2439	556	2530411418	1093198678	391988031	242283948	107241685	43747257	1287321	390948	1678618142	1533	598	6963.7	216448	979609	0.00
S	H	ZURI	ZURIH-SM-04may22.megahit.nv.contigs	3650113	385758	28511	9462	1807	346	2322295465	947189931	315119162	185873552	73713237	24963919	1249840	198896	1531560055	1369	586	5318.6	229152	966370	0.00
