Fraction_Size,Depth,Lakes_names,Assembly, contigs (>= 10000 bp),Total length (>= 10000 bp), contigs,Largest contig,Total length,N50,archaea,bacteria,eukarya,organelle,prokarya,unknown,mitochondrion,plastid
S,E,AMAD,AMADE-SM-01apr22,7829.0,186992477.0,792484.0,627298.0,1083887187.0,1640.0,1084.0,36549,7094,536,389.0,540,130,399
S,E,AMAD,AMADE-SM-06sep21,9745.0,228665160.0,730327.0,387810.0,1091860555.0,2019.0,1796.0,38018,12126,480,663.0,955,85,383
S,H,AMAD,AMADH-SM-01apr22,8961.0,217617816.0,661876.0,371335.0,1012485198.0,2082.0,2202.0,42711,3103,353,704.0,958,102,243
S,H,AMAD,AMADH-SM-06sep21,10061.0,221889363.0,766921.0,540453.0,1146220064.0,1979.0,2462.0,49624,4186,332,710.0,643,57,271
S,E,ARCA,ARCAE-SM-04apr22,7655.0,194390437.0,380165.0,424096.0,611790154.0,2759.0,1028.0,16547,8881,297,269.0,708,85,197
S,E,ARCA,ARCAE-SM-08sep21,10074.0,239450069.0,773809.0,387732.0,1066607296.0,1778.0,2069.0,20955,20313,2375,438.0,1351,448,1841
S,H,ARCA,ARCAH-SM-04apr22,7132.0,178056036.0,265890.0,992384.0,514515534.0,4309.0,875.0,17086,9423,201,284.0,692,43,146
S,H,ARCA,ARCAH-SM-08sep21,9462.0,218764007.0,753099.0,612885.0,1044417645.0,1737.0,1954.0,23263,19257,462,560.0,1150,133,317
S,E,ATTR,ATTRE-SM-16jul20,10043.0,190424330.0,1151692.0,263098.0,1523120662.0,1597.0,4021.0,35201,31264,1323,874.0,2477,298,986
S,E,ATTR,ATTRE-SM-26apr22,10382.0,198823230.0,1405567.0,199068.0,1813395342.0,1534.0,3022.0,26669,50794,2896,877.0,3342,1202,1625
L,H,ATTR,ATTRH-LM-16jul20,8022.0,193986442.0,1335537.0,816465.0,1564268648.0,1247.0,1405.0,36607,17210,1123,435.0,1223,456,618
S,H,ATTR,ATTRH-SM-16jul20,12187.0,291503765.0,1062999.0,698699.0,1509829136.0,1789.0,1491.0,64111,2037,268,384.0,397,148,112
S,H,ATTR,ATTRH-SM-26apr22,7897.0,167109783.0,1014150.0,252013.0,1285007742.0,1449.0,2641.0,42815,8402,435,669.0,937,135,295
S,E,AYDT,AYDTE-SM-23may22,7941.0,187354169.0,1035746.0,379212.0,1330342371.0,1450.0,3647.0,33210,10842,929,1234.0,1469,423,489
S,E,AYDT,AYDTE-SM-23sep21,10817.0,236874444.0,1148948.0,704510.0,1562626915.0,1667.0,3755.0,48992,17649,627,1236.0,1363,143,471
S,H,AYDT,AYDTH-SM-23may22,9433.0,216070063.0,952343.0,498415.0,1311502783.0,1706.0,3089.0,42389,11884,1719,1214.0,1500,903,755
S,H,AYDT,AYDTH-SM-23sep21,10390.0,238528513.0,1090594.0,621374.0,1484163622.0,1653.0,3993.0,46554,13934,862,1243.0,1449,211,629
L,1,BALM,BALM1-LM-27jul20,12081.0,253690694.0,1180582.0,305324.0,1581733091.0,1620.0,5751.0,56586,8589,503,1154.0,1024,115,380
S,1,BALM,BALM1-SM-06apr22,10031.0,212507468.0,782579.0,294157.0,1160612176.0,1989.0,4512.0,38854,14316,593,1316.0,1568,149,429
S,1,BALM,BALM1-SM-27jul20,9632.0,221361329.0,732182.0,290413.0,1067500015.0,1934.0,3484.0,42688,3306,377,837.0,912,51,313
L,2,BALM,BALM2-LM-27jul20,12658.0,258738263.0,1262321.0,225415.0,1717920070.0,1662.0,6619.0,63536,9362,722,1564.0,1347,168,538
S,2,BALM,BALM2-SM-06apr22,8203.0,171906875.0,891267.0,435852.0,1206952289.0,1641.0,4280.0,38579,11294,542,1184.0,1283,125,406
S,2,BALM,BALM2-SM-27jul20,8453.0,181534768.0,802706.0,392552.0,1107869291.0,1705.0,3641.0,43724,3304,393,929.0,859,95,282
L,3,BALM,BALM3-LM-27jul20,5162.0,105292238.0,1716332.0,221692.0,1615719030.0,870.0,2880.0,30188,5644,396,596.0,655,110,275
S,3,BALM,BALM3-SM-06apr22,10579.0,232957622.0,935687.0,542585.0,1345211764.0,1828.0,5216.0,43470,13543,717,1490.0,1749,195,512
S,3,BALM,BALM3-SM-27jul20,11240.0,238146625.0,1036823.0,283703.0,1439358254.0,1727.0,6274.0,52401,6613,697,1654.0,1744,149,538
S,E,BANY,BANYE-SM-15sep21,8205.0,228640629.0,533029.0,929750.0,843340472.0,2258.0,1836.0,28863,5119,513,535.0,691,87,417
S,E,BANY,BANYE-SM-28mar22,9233.0,227250024.0,574574.0,620814.0,915797967.0,2411.0,2018.0,37510,5504,477,654.0,987,102,359
S,H,BANY,BANYH-SM-15sep21,8889.0,221489904.0,408797.0,648920.0,755639117.0,3225.0,2847.0,34050,3185,412,913.0,912,61,341
S,H,BANY,BANYH-SM-28mar22,9101.0,223243856.0,589515.0,512467.0,900092296.0,2158.0,1834.0,34440,4317,435,650.0,960,116,311
L,E,BRTL,BRTLE-LM-15jul20,3699.0,69194765.0,1823596.0,330457.0,1786063495.0,954.0,1185.0,28539,15653,605,268.0,768,186,408
S,E,BRTL,BRTLE-SM-15jul20,9883.0,196148570.0,1557209.0,332574.0,1914822484.0,1387.0,5902.0,58411,14714,1058,1387.0,1937,278,748
S,E,BRTL,BRTLE-SM-26apr22,3534.0,67116462.0,1033105.0,249070.0,1151179531.0,1193.0,2347.0,26977,8460,718,684.0,811,219,486
L,H,BRTL,BRTLH-LM-15jul20,11133.0,237180757.0,1655226.0,320838.0,2045384008.0,1388.0,2696.0,60297,19690,737,1024.0,1425,312,403
S,H,BRTL,BRTLH-SM-15jul20,13701.0,272953925.0,1766211.0,332765.0,2286911111.0,1521.0,6498.0,82830,12418,814,1751.0,1983,302,495
S,H,BRTL,BRTLH-SM-26apr22,7789.0,149169396.0,1426091.0,289936.0,1657133254.0,1247.0,4102.0,49000,8874,893,1059.0,1257,335,537
L,E,CADA,CADAE-LM-03sep20,3014.0,91972329.0,1012115.0,709017.0,1075399064.0,1077.0,1072.0,11785,15562,580,313.0,751,147,415
S,E,CADA,CADAE-SM-03sep20,11212.0,270741133.0,833831.0,596410.0,1291375562.0,2162.0,2484.0,39358,22247,512,1062.0,1595,175,325
S,E,CADA,CADAE-SM-30jun22,8874.0,217951978.0,925953.0,550835.0,1234194990.0,1547.0,2498.0,37762,6531,645,1025.0,1546,138,502
L,H,CADA,CADAH-LM-03sep20,10887.0,244400944.0,970810.0,459913.0,1396901302.0,1790.0,1559.0,54622,8593,291,484.0,354,91,197
S,H,CADA,CADAH-SM-03sep20,15161.0,374427596.0,1031824.0,661912.0,1609723709.0,2129.0,3300.0,63712,7989,275,1090.0,982,95,175
S,H,CADA,CADAH-SM-30jun22,4178.0,100279691.0,441176.0,477117.0,574577577.0,1502.0,573.0,20949,970,93,282.0,216,39,54
L,X,CADA,CADAX-LM-03sep20,9341.0,214793905.0,1102995.0,611599.0,1468472845.0,1601.0,1343.0,39099,25657,268,422.0,693,90,174
S,X,CADA,CADAX-SM-03sep20,13653.0,344541708.0,800057.0,661919.0,1340358789.0,2557.0,1793.0,61995,4485,281,788.0,608,105,168
S,X,CADA,CADAX-SM-30jun22,6851.0,175523200.0,628344.0,661912.0,878278347.0,1709.0,1288.0,33012,1927,162,507.0,583,73,84
L,E,CEPX,CEPXE-LM-21may20,4915.0,97853437.0,1629993.0,385427.0,1683359827.0,1036.0,2199.0,17808,28219,3291,665.0,3289,908,2203
L,E,CEPX,CEPXE-LM-31jul20,8000.0,163209841.0,1264651.0,394554.0,1506948321.0,1293.0,2869.0,26045,28532,1031,734.0,1657,285,713
S,E,CEPX,CEPXE-SM-21may20,10290.0,239388441.0,1380341.0,495378.0,1742953181.0,1436.0,4460.0,44534,16569,936,1510.0,2191,264,651
S,E,CEPX,CEPXE-SM-31jul20,11115.0,230093732.0,931489.0,381929.0,1333961874.0,1876.0,3647.0,38731,22700,705,1146.0,1804,168,525
L,H,CEPX,CEPXH-LM-21may20,5105.0,110096984.0,1769813.0,401858.0,1947279218.0,1163.0,2582.0,28379,31124,1821,741.0,1917,456,1316
L,H,CEPX,CEPXH-LM-31jul20,10520.0,236828903.0,1740071.0,506011.0,2051051378.0,1256.0,2692.0,58341,11993,1795,863.0,1742,560,1166
S,H,CEPX,CEPXH-SM-21may20,10755.0,245253384.0,1443499.0,382906.0,1828062459.0,1437.0,4403.0,47267,17952,1114,1628.0,2324,279,817
S,H,CEPX,CEPXH-SM-31jul20,13250.0,303406814.0,1263021.0,549414.0,1734807590.0,1677.0,3310.0,67128,5713,589,1112.0,1244,185,397
L,E,CERN,CERNE-LM-04jun20,4000.0,112514765.0,467909.0,392299.0,553730883.0,1234.0,527.0,6605,10768,274,61.0,430,91,177
S,E,CERN,CERNE-SM-04jun20,4522.0,149975664.0,302916.0,990661.0,526385659.0,2997.0,707.0,11177,15510,207,82.0,332,76,128
S,E,CERN,CERNE-SM-30jul20,7040.0,224944203.0,372223.0,925141.0,689270309.0,3221.0,824.0,14434,16698,616,125.0,622,148,451
L,H,CERN,CERNH-LM-04jun20,5577.0,154053431.0,805561.0,661852.0,899931087.0,1079.0,637.0,10127,14447,286,90.0,478,108,162
S,H,CERN,CERNH-SM-30jul20,9941.0,313611041.0,425247.0,968282.0,797554842.0,4314.0,505.0,29057,4097,147,201.0,341,75,67
L,E,CERT,CERTE-LM-04jun20,9043.0,310726609.0,737394.0,826852.0,1000916863.0,1718.0,216.0,17387,12904,414,98.0,351,205,193
L,E,CERT,CERTE-LM-30jul20,7448.0,249017158.0,1129211.0,1023494.0,1186082491.0,929.0,222.0,16308,7860,226,59.0,155,51,163
S,E,CERT,CERTE-SM-04jun20,8168.0,286617809.0,514613.0,789503.0,828112980.0,2499.0,406.0,23462,4741,289,174.0,341,126,156
S,E,CERT,CERTE-SM-30jul20,10157.0,371334242.0,378586.0,1200640.0,819332968.0,6797.0,331.0,31025,3263,73,156.0,401,27,42
L,H,CERT,CERTH-LM-04jun20,18126.0,509671103.0,1297888.0,862679.0,1998986441.0,2202.0,3277.0,72783,14002,387,941.0,647,216,163
L,H,CERT,CERTH-LM-30jul20,16638.0,503557781.0,1076448.0,695671.0,1749764783.0,2409.0,2638.0,67538,5213,278,792.0,738,97,177
S,H,CERT,CERTH-SM-04jun20,14581.0,409852425.0,1293683.0,575894.0,1796168496.0,1729.0,4622.0,57499,7204,357,1297.0,918,224,124
S,H,CERT,CERTH-SM-30jul20,14635.0,458360806.0,1064593.0,879136.0,1645182872.0,2146.0,3158.0,60185,2435,261,934.0,668,118,138
S,E,CINC,CINCE-SM-03aug21,8026.0,200022947.0,1092255.0,673321.0,1353567543.0,1377.0,2072.0,35568,11732,631,833.0,1066,181,437
S,E,CINC,CINCE-SM-16apr22,8598.0,196289586.0,769803.0,404682.0,1125276117.0,1898.0,1856.0,43089,9026,571,834.0,1084,158,395
S,H,CINC,CINCH-SM-03aug21,13107.0,318529000.0,1197048.0,643317.0,1647326149.0,1679.0,2845.0,62910,3299,250,824.0,871,86,162
S,H,CINC,CINCH-SM-16apr22,9833.0,221100130.0,724193.0,425618.0,1090006869.0,2040.0,1578.0,46548,5909,312,559.0,775,128,178
S,M,CLAY,CLAYM-SM-20sep21,10030.0,229064438.0,1009321.0,522341.0,1399718344.0,1710.0,3337.0,47588,10834,634,1225.0,1225,257,357
S,M,CLAY,CLAYM-SM-26may22,8592.0,197982404.0,885111.0,1579285.0,1201833883.0,1637.0,2357.0,36689,11410,626,933.0,1285,224,387
L,E,CONS,CONSE-LM-08sep20,2805.0,50612961.0,1808469.0,125073.0,1864053694.0,1060.0,2182.0,12720,37460,2987,568.0,2530,794,2088
S,E,CONS,CONSE-SM-03may22,5898.0,106048059.0,769638.0,162797.0,953071941.0,1430.0,976.0,11564,30430,1648,271.0,1878,522,1072
S,E,CONS,CONSE-SM-08sep20,7500.0,154628308.0,1265285.0,305182.0,1533329040.0,1355.0,3152.0,49151,7968,1133,978.0,1459,291,812
L,H,CONS,CONSH-LM-08sep20,11622.0,283259128.0,1215916.0,470243.0,1594866878.0,1541.0,1746.0,46871,15304,907,577.0,1464,261,618
S,H,CONS,CONSH-SM-03may22,8834.0,197764440.0,1020985.0,371247.0,1318613871.0,1508.0,1702.0,52640,1844,165,349.0,371,61,102
S,H,CONS,CONSH-SM-08sep20,11602.0,269925349.0,879049.0,420340.0,1289667724.0,1922.0,1708.0,55041,3795,182,341.0,395,56,123
S,E,CRUZ,CRUZE-SM-04apr22,9294.0,238643883.0,526263.0,592917.0,888470352.0,2524.0,1103.0,35478,6595,284,338.0,459,67,205
S,E,CRUZ,CRUZE-SM-08sep21,8585.0,255607411.0,432869.0,422218.0,836861376.0,3366.0,1487.0,27606,15465,427,581.0,981,69,348
S,H,CRUZ,CRUZH-SM-04apr22,12836.0,336216892.0,484678.0,731129.0,937467846.0,4013.0,970.0,40977,4921,174,310.0,336,62,108
S,H,CRUZ,CRUZH-SM-08sep21,12871.0,342273816.0,927281.0,633389.0,1371493020.0,1960.0,1546.0,49898,6311,342,430.0,607,119,218
S,M,EDVL,EDVLM-SM-20sep21,13768.0,297109225.0,1377980.0,745451.0,1882698825.0,1670.0,5893.0,69803,8604,1027,2060.0,1701,301,707
S,M,EDVL,EDVLM-SM-26may22,11318.0,228810355.0,1111973.0,404000.0,1487831137.0,1626.0,3295.0,51368,12614,656,1155.0,1323,197,442
S,E,ERKE,ERKEE-SM-17aug21,11873.0,227863851.0,1415047.0,326841.0,1852452559.0,1562.0,7688.0,69849,7856,689,1759.0,1650,158,519
S,E,ERKE,ERKEE-SM-18may22,8049.0,164500403.0,1109820.0,280550.0,1448884186.0,1547.0,5098.0,40908,16506,936,1448.0,2495,248,667
S,H,ERKE,ERKEH-SM-17aug21,13900.0,271624068.0,1743528.0,401528.0,2255257286.0,1523.0,6360.0,88059,6480,522,1567.0,1498,169,339
S,H,ERKE,ERKEH-SM-18may22,8801.0,167585122.0,1214837.0,259242.0,1516098019.0,1427.0,4659.0,39136,19716,928,1204.0,2215,294,612
S,E,FANT,FANTE-SM-11apr22,10969.0,253683246.0,840780.0,389888.0,1264298385.0,2038.0,896.0,56724,5703,357,370.0,525,144,206
S,E,FANT,FANTE-SM-30jul21,9857.0,251165122.0,864263.0,463178.0,1236205089.0,1819.0,2141.0,41528,8172,1351,869.0,1507,658,653
S,H,FANT,FANTH-SM-11apr22,10661.0,252111932.0,829786.0,449991.0,1266510921.0,2110.0,1001.0,58641,5335,347,413.0,629,161,180
S,H,FANT,FANTH-SM-30jul21,12737.0,317515123.0,977379.0,478418.0,1494536611.0,2107.0,2402.0,59974,10113,543,919.0,1254,148,389
L,M,FERT,FERTM-LM-29jul20,14284.0,301198382.0,1317301.0,247867.0,1841795712.0,1745.0,2366.0,77820,8356,305,450.0,390,55,243
S,M,FERT,FERTM-SM-05apr22,7129.0,154177959.0,759523.0,256615.0,984636426.0,1517.0,1173.0,39067,1155,136,310.0,404,27,107
S,M,FERT,FERTM-SM-29jul20,8266.0,186914099.0,668124.0,394473.0,951881619.0,1836.0,2154.0,39747,1888,264,529.0,502,53,205
L,E,FUNE,FUNEE-LM-16jul20,514.0,12238939.0,521642.0,237475.0,419276484.0,743.0,281.0,2260,2843,92,77.0,97,27,59
S,E,FUNE,FUNEE-SM-16jul20,7420.0,206946951.0,381228.0,876688.0,695026466.0,3035.0,1001.0,25171,8868,238,443.0,576,59,174
S,E,FUNE,FUNEE-SM-27apr22,7364.0,218355292.0,692640.0,487682.0,982916802.0,1819.0,1245.0,24947,13777,430,592.0,899,145,270
L,H,FUNE,FUNEH-LM-16jul20,17238.0,455876163.0,1240150.0,607698.0,1821473970.0,2041.0,2141.0,62588,14261,337,900.0,1701,115,218
S,H,FUNE,FUNEH-SM-16jul20,18638.0,513802915.0,886848.0,552283.0,1594235982.0,3170.0,1562.0,70329,4835,255,676.0,615,90,158
S,H,FUNE,FUNEH-SM-27apr22,10858.0,312620331.0,838494.0,699995.0,1298067849.0,2113.0,1504.0,45662,9702,504,660.0,880,178,315
L,E,FUSW,FUSWE-LM-16jul20,6824.0,135571726.0,712491.0,752147.0,1123519564.0,2217.0,424.0,6657,65468,165,86.0,499,37,120
S,E,FUSW,FUSWE-SM-16jul20,5460.0,159041671.0,364004.0,510595.0,601259870.0,2466.0,1560.0,20574,6128,107,546.0,431,43,63
S,E,FUSW,FUSWE-SM-27apr22,6623.0,215230672.0,466011.0,735627.0,740299911.0,2311.0,620.0,19048,10385,113,216.0,388,38,73
L,H,FUSW,FUSWH-LM-16jul20,17479.0,501025768.0,1167556.0,969568.0,1833739008.0,2125.0,820.0,61525,12924,138,276.0,482,41,93
S,H,FUSW,FUSWH-SM-16jul20,14778.0,428733346.0,867327.0,779396.0,1434000393.0,2612.0,1746.0,58246,3957,160,609.0,636,73,86
S,H,FUSW,FUSWH-SM-27apr22,7791.0,221338330.0,592899.0,860688.0,908082383.0,2086.0,1114.0,26573,12134,179,386.0,573,78,98
S,E,GARD,GARDE-SM-06jul21,7642.0,148098206.0,999987.0,336551.0,1275988012.0,1480.0,2876.0,32982,18352,845,941.0,1486,204,626
S,E,GARD,GARDE-SM-10may22,6937.0,137555164.0,961587.0,441519.0,1207639190.0,1427.0,2908.0,32677,14349,670,785.0,1086,130,526
S,H,GARD,GARDH-SM-06jul21,11075.0,252717547.0,846318.0,412659.0,1252699634.0,1978.0,2194.0,54247,4290,173,418.0,648,60,109
S,H,GARD,GARDH-SM-10may22,10041.0,224354142.0,949777.0,412319.0,1295167410.0,1673.0,1992.0,53088,3090,223,454.0,555,83,135
L,E,GOSK,GOSKE-LM-21jul20,5031.0,93458857.0,1919111.0,219258.0,1852848395.0,915.0,544.0,8204,41174,729,126.0,800,307,390
S,E,GOSK,GOSKE-SM-21jul20,6389.0,150814647.0,830851.0,488255.0,1037102030.0,1392.0,430.0,10590,28992,418,82.0,566,179,230
S,E,GOSK,GOSKE-SM-22jun22,7759.0,182511592.0,1000682.0,659101.0,1174564021.0,1206.0,434.0,8740,28385,335,87.0,393,159,162
L,H,GOSK,GOSKH-LM-21jul20,5734.0,89564986.0,1705565.0,202620.0,1772506178.0,1011.0,1001.0,7142,57099,685,106.0,747,352,322
S,H,GOSK,GOSKH-SM-21jul20,8666.0,171749975.0,749955.0,518324.0,1095625185.0,2040.0,962.0,8662,52273,627,134.0,919,344,269
S,H,GOSK,GOSKH-SM-22jun22,5904.0,123538195.0,842129.0,518388.0,1068177120.0,1465.0,930.0,9436,37053,533,92.0,460,291,234
L,E,GREF,GREFE-LM-09sep20,10618.0,203128504.0,1876620.0,648045.0,2154394793.0,1221.0,3165.0,35941,32510,3948,961.0,3880,773,3014
S,E,GREF,GREFE-SM-05may22,8048.0,158547697.0,995868.0,284257.0,1284128945.0,1507.0,7830.0,36537,9091,1171,2265.0,2445,340,802
S,E,GREF,GREFE-SM-09sep20,12093.0,244292642.0,1473113.0,445919.0,1888309902.0,1493.0,5748.0,56157,18549,1159,1585.0,2101,396,725
L,H,GREF,GREFH-LM-09sep20,9790.0,215045844.0,1341182.0,387028.0,1716456352.0,1471.0,3520.0,54484,13562,517,856.0,827,172,335
S,H,GREF,GREFH-SM-05may22,8196.0,163089818.0,1147456.0,406672.0,1450535333.0,1456.0,6078.0,43010,10117,963,1813.0,2351,368,579
S,H,GREF,GREFH-SM-09sep20,12014.0,245446934.0,1441639.0,327575.0,1889933117.0,1552.0,5658.0,63869,14447,716,1494.0,1694,219,482
L,E,HALL,HALLE-LM-15jul20,3230.0,55334017.0,961741.0,130264.0,999328049.0,1052.0,1735.0,14251,11002,2544,508.0,2090,726,1665
S,E,HALL,HALLE-SM-15jul20,11629.0,233335301.0,1281089.0,261757.0,1707232594.0,1614.0,4793.0,66244,7122,934,1538.0,2055,247,671
S,E,HALL,HALLE-SM-28apr22,5499.0,109207913.0,971043.0,243108.0,1177356046.0,1358.0,1522.0,33901,12006,650,464.0,794,161,471
L,H,HALL,HALLH-LM-15jul20,9915.0,231207803.0,1468001.0,422142.0,1818613402.0,1381.0,2358.0,49030,19987,1024,729.0,1354,439,547
S,H,HALL,HALLH-SM-15jul20,13304.0,297984705.0,1143093.0,401908.0,1658717388.0,1887.0,2842.0,74025,3987,355,768.0,808,137,211
S,H,HALL,HALLH-SM-28apr22,8238.0,173571127.0,983653.0,308117.0,1260335488.0,1494.0,2450.0,48324,3487,302,572.0,751,109,186
L,M,JIRK,JIRKM-LM-03jun20,8823.0,231557227.0,1196409.0,489353.0,1489918137.0,1400.0,1970.0,32119,19830,1346,686.0,1531,386,917
L,M,JIRK,JIRKM-LM-10aug20,8437.0,241235939.0,505919.0,908789.0,804208886.0,2506.0,386.0,31001,3644,104,165.0,186,14,89
S,M,JIRK,JIRKM-SM-03jun20,11234.0,287672547.0,1006306.0,426682.0,1457014497.0,1849.0,1704.0,44201,17117,988,691.0,1239,237,714
S,M,JIRK,JIRKM-SM-10aug20,7927.0,226737591.0,584790.0,908789.0,872077924.0,2018.0,553.0,32052,3726,77,213.0,192,11,65
S,M,KAST,KASTM-SM-14sep21,13713.0,294528603.0,1131260.0,560484.0,1636298604.0,1908.0,5566.0,56042,15454,2255,1873.0,2498,364,1843
S,M,KAST,KASTM-SM-22mar22,9899.0,211343808.0,707105.0,462255.0,1061734088.0,2057.0,4638.0,32874,14072,781,1463.0,1564,229,528
L,E,KLIC,KLICE-LM-12aug20,7814.0,180282166.0,1047992.0,977081.0,1374468632.0,1559.0,2522.0,30533,27371,866,848.0,1628,207,634
L,E,KLIC,KLICE-LM-25nov20,18885.0,439958964.0,1422731.0,526371.0,2103206304.0,1968.0,2399.0,96399,1913,226,877.0,541,83,141
L,E,KLIC,KLICE-LM-29apr20,5163.0,104576305.0,1228246.0,302561.0,1390246967.0,1218.0,2163.0,23028,25543,903,603.0,884,213,672
S,E,KLIC,KLICE-SM-11aug21,8612.0,183950129.0,1126316.0,1057994.0,1433886283.0,1486.0,3273.0,51049,7942,346,833.0,881,88,242
S,E,KLIC,KLICE-SM-12aug20,10620.0,221353261.0,1033828.0,541535.0,1407824289.0,1695.0,3520.0,51966,10764,511,966.0,1264,111,394
S,E,KLIC,KLICE-SM-28apr21,7308.0,146167548.0,1305628.0,373742.0,1526141300.0,1271.0,5235.0,41830,8498,754,1531.0,1876,191,540
S,E,KLIC,KLICE-SM-29apr20,8605.0,178444301.0,1156091.0,1123171.0,1415456454.0,1359.0,4847.0,43528,6525,782,1424.0,1749,172,592
L,H,KLIC,KLICH-LM-12aug20,15733.0,372848379.0,1159111.0,460786.0,1770114056.0,2038.0,3062.0,71917,9807,317,771.0,1000,118,187
L,H,KLIC,KLICH-LM-25nov20,7274.0,151679951.0,1719504.0,537055.0,1839739497.0,1058.0,2792.0,37268,17052,3215,817.0,2681,1080,1983
L,H,KLIC,KLICH-LM-29apr20,10673.0,231814751.0,798639.0,631993.0,1441395613.0,1966.0,3224.0,54676,13721,474,912.0,1220,182,276
S,H,KLIC,KLICH-SM-11aug21,11433.0,247305761.0,1307123.0,548171.0,1693788852.0,1514.0,2040.0,68507,2512,252,613.0,618,74,172
S,H,KLIC,KLICH-SM-12aug20,15394.0,320428716.0,1409282.0,315997.0,1993338087.0,1792.0,2731.0,88694,6430,250,764.0,950,99,145
S,H,KLIC,KLICH-SM-24nov21,10804.0,231683112.0,1158196.0,389596.0,1581605006.0,1693.0,2294.0,61889,11546,273,613.0,701,95,168
S,H,KLIC,KLICH-SM-25nov20,19818.0,467674618.0,1454310.0,527192.0,2196591839.0,2032.0,2775.0,101253,2300,206,911.0,643,74,130
S,H,KLIC,KLICH-SM-28apr21,9348.0,187721862.0,1462561.0,527503.0,1755345548.0,1328.0,3989.0,56936,7506,730,1241.0,1748,280,438
S,H,KLIC,KLICH-SM-29apr20,11054.0,244000308.0,561605.0,376441.0,1205881479.0,2530.0,3839.0,57991,7031,734,1292.0,1978,219,503
S,E,KOZK,KOZKE-SM-21mar22,9091.0,197418549.0,1110388.0,426679.0,1391363781.0,1428.0,1983.0,44757,9781,764,669.0,1169,222,527
S,E,KOZK,KOZKE-SM-21sep21,9712.0,226854355.0,944873.0,654616.0,1289577544.0,1650.0,1194.0,31266,22088,881,472.0,1374,237,632
S,H,KOZK,KOZKH-SM-21mar22,8517.0,184539743.0,1158261.0,312050.0,1426172077.0,1371.0,1738.0,43161,10388,610,591.0,1020,158,437
S,H,KOZK,KOZKH-SM-21sep21,7322.0,168503737.0,870537.0,329033.0,1168816257.0,1618.0,1639.0,40212,9974,397,619.0,773,146,242
L,E,KUCX,KUCXE-LM-01sep20,6021.0,125860345.0,1581887.0,187011.0,1707749029.0,1102.0,1416.0,31685,18647,1547,469.0,1771,429,1049
S,E,KUCX,KUCXE-SM-01sep20,11594.0,239441681.0,1593222.0,446005.0,2004356840.0,1431.0,4414.0,62574,15304,733,1101.0,1497,208,515
S,E,KUCX,KUCXE-SM-04may22,6893.0,129079880.0,1387572.0,163709.0,1642282752.0,1317.0,4914.0,40991,19260,891,1391.0,1846,207,663
L,H,KUCX,KUCXH-LM-01sep20,10912.0,231238210.0,1713371.0,398253.0,2059506768.0,1311.0,2844.0,58308,17360,780,782.0,1255,252,510
S,H,KUCX,KUCXH-SM-01sep20,13329.0,268482127.0,1628593.0,309236.0,2117142063.0,1517.0,7564.0,71143,13537,947,2026.0,2102,365,566
S,H,KUCX,KUCXH-SM-04may22,10026.0,200733885.0,1525531.0,274654.0,1852683058.0,1353.0,3232.0,67310,4644,456,880.0,1118,106,342
L,E,LAND,LANDE-LM-16jun20,8466.0,193526145.0,1438670.0,758028.0,1766974060.0,1383.0,1907.0,21842,48093,2735,686.0,1896,932,1564
L,E,LAND,LANDE-LM-30jul20,12815.0,288183093.0,1379874.0,356153.0,1812488301.0,1532.0,2044.0,44466,27723,1299,641.0,1803,297,943
S,E,LAND,LANDE-SM-16jun20,15969.0,383033689.0,860314.0,758052.0,1449386916.0,2619.0,2972.0,65963,4488,450,1134.0,1091,107,331
S,E,LAND,LANDE-SM-30jul20,13466.0,338700411.0,877775.0,733251.0,1417204312.0,2372.0,3407.0,59798,7451,376,1183.0,1224,145,219
L,H,LAND,LANDH-LM-16jun20,12728.0,333652122.0,1162088.0,505210.0,1611359946.0,1740.0,3048.0,54242,10310,450,1017.0,1338,137,299
L,H,LAND,LANDH-LM-30jul20,13374.0,357320288.0,1142234.0,603522.0,1661832610.0,1870.0,3697.0,56205,10619,564,1122.0,1412,211,335
S,H,LAND,LANDH-SM-16jun20,14763.0,368765640.0,834210.0,485435.0,1402479289.0,2559.0,3587.0,60699,4760,379,1346.0,1422,118,253
S,H,LAND,LANDH-SM-30jul20,14218.0,319162896.0,984977.0,548696.0,1498586881.0,2077.0,1519.0,60454,12399,135,411.0,664,67,62
S,E,LUGA,LUGAE-SM-06jul21,8772.0,186868689.0,1087035.0,391578.0,1441645181.0,1587.0,3785.0,44791,14334,802,1329.0,1907,270,504
S,E,LUGA,LUGAE-SM-17may22,8002.0,166256742.0,1099423.0,360951.0,1338223624.0,1341.0,4190.0,32572,12375,842,1485.0,2162,244,583
S,H,LUGA,LUGAH-SM-06jul21,10699.0,244996027.0,1464325.0,365033.0,1753515985.0,1286.0,3268.0,51661,6675,602,662.0,881,189,393
S,H,LUGA,LUGAH-SM-17may22,12645.0,280350239.0,1321275.0,572656.0,1749369252.0,1577.0,3480.0,66154,5829,463,856.0,1129,185,263
S,X,LUGA,LUGAX-SM-06jul21,15855.0,350729426.0,1278469.0,453136.0,1850550599.0,1870.0,5359.0,82065,1048,99,1066.0,370,35,63
S,X,LUGA,LUGAX-SM-17may22,12392.0,292722614.0,1059606.0,629277.0,1525632857.0,1847.0,3808.0,66523,740,68,740.0,256,32,35
S,E,MAGG,MAGGE-SM-12jul21,7561.0,144282667.0,1173293.0,352979.0,1399071650.0,1304.0,3895.0,34313,15934,767,954.0,1486,210,542
S,E,MAGG,MAGGE-SM-16may22,6523.0,123765275.0,1168047.0,220185.0,1432893695.0,1405.0,2678.0,33282,26262,415,491.0,1184,140,267
S,H,MAGG,MAGGH-SM-12jul21,12665.0,312900994.0,781911.0,634320.0,1256019928.0,2378.0,2784.0,53546,6004,243,558.0,710,86,152
S,H,MAGG,MAGGH-SM-16may22,10909.0,266324838.0,659317.0,633981.0,1049908272.0,2361.0,1736.0,48511,1337,110,304.0,254,46,60
L,E,MAJC,MAJCE-LM-01sep20,10271.0,204189505.0,1804869.0,342983.0,2114040783.0,1264.0,3491.0,50193,22365,3814,1043.0,2872,1325,2320
S,E,MAJC,MAJCE-SM-01sep20,16513.0,342986671.0,1652907.0,633392.0,2267893132.0,1710.0,4457.0,95587,9759,464,1089.0,1074,95,356
S,E,MAJC,MAJCE-SM-04may22,5801.0,101630838.0,994005.0,463948.0,1171314240.0,1287.0,3704.0,17719,24142,995,865.0,1938,234,743
L,H,MAJC,MAJCH-LM-01sep20,9125.0,172467528.0,1094666.0,272819.0,1350240691.0,1363.0,1295.0,47530,6153,275,279.0,341,122,149
S,H,MAJC,MAJCH-SM-01sep20,15172.0,303121082.0,1664750.0,339508.0,2183219884.0,1546.0,3415.0,92644,2661,311,761.0,666,87,219
S,H,MAJC,MAJCH-SM-04may22,8370.0,162905766.0,1437165.0,234494.0,1725778387.0,1331.0,6970.0,46615,11822,1178,1926.0,2615,269,877
S,E,MALA,MALAE-SM-18aug21,10839.0,212663210.0,1949970.0,289509.0,2313817790.0,1307.0,5635.0,80381,5842,609,1272.0,1148,125,477
S,E,MALA,MALAE-SM-19may22,6581.0,120142387.0,1754411.0,200545.0,1927632291.0,1150.0,6634.0,46004,9997,1130,1648.0,2178,319,784
S,H,MALA,MALAH-SM-18aug21,13763.0,270031536.0,1998877.0,380285.0,2434804937.0,1355.0,5407.0,86898,5911,479,1182.0,1253,118,349
S,H,MALA,MALAH-SM-19may22,7376.0,135997944.0,1632453.0,218264.0,1876110654.0,1242.0,6361.0,52071,9879,1064,1530.0,1785,406,640
S,M,MARK,MARKM-SM-01sep21,10405.0,200904938.0,1510018.0,384074.0,1832691895.0,1352.0,5404.0,62101,7151,663,1323.0,1490,180,468
S,M,MARK,MARKM-SM-19may22,6534.0,121994480.0,1157362.0,269501.0,1360001919.0,1280.0,4937.0,40270,6637,598,1241.0,1355,148,443
L,E,MEDD,MEDDE-LM-14apr20,5955.0,133592803.0,1559744.0,386974.0,1674973851.0,1092.0,1685.0,19543,25218,3656,603.0,3087,1203,2240
L,E,MEDD,MEDDE-LM-14jul20,8779.0,207407924.0,1554886.0,907761.0,1780007810.0,1175.0,1573.0,26308,29486,1770,589.0,2243,488,1206
L,E,MEDD,MEDDE-LM-19oct20,6288.0,147721082.0,1556216.0,706851.0,1659397252.0,1059.0,1366.0,17498,25819,3010,478.0,2490,830,2043
S,E,MEDD,MEDDE-SM-04may21,14676.0,340098224.0,989801.0,408941.0,1535594067.0,2132.0,1712.0,54524,18422,643,618.0,1193,156,463
S,E,MEDD,MEDDE-SM-14apr20,9868.0,220711493.0,1027835.0,488530.0,1404392215.0,1685.0,1262.0,51126,12116,763,441.0,877,181,561
S,E,MEDD,MEDDE-SM-14jul20,9484.0,240500442.0,760334.0,907719.0,1136330142.0,2061.0,1666.0,30196,21372,963,650.0,2063,324,611
S,E,MEDD,MEDDE-SM-19oct20,8827.0,186686375.0,776813.0,464576.0,1091263974.0,1786.0,1502.0,32767,17550,624,510.0,1102,179,428
L,H,MEDD,MEDDH-LM-14jul20,10514.0,287956477.0,846850.0,979718.0,1214131859.0,1847.0,1058.0,40205,7229,1182,402.0,1295,347,775
L,H,MEDD,MEDDH-LM-15apr20,7163.0,182806062.0,1088930.0,596133.0,1278434164.0,1245.0,1318.0,26114,14090,1886,474.0,1804,632,1159
L,H,MEDD,MEDDH-LM-20oct20,8648.0,206940191.0,1275530.0,474537.0,1549926890.0,1327.0,1436.0,35526,18339,2139,479.0,1844,713,1314
S,H,MEDD,MEDDH-SM-14jul20,15278.0,393461833.0,706274.0,644863.0,1334186578.0,3288.0,799.0,72252,1252,198,303.0,341,40,156
S,H,MEDD,MEDDH-SM-15apr20,11883.0,266172357.0,846762.0,559821.0,1280912574.0,2098.0,1069.0,56209,7663,351,412.0,689,109,233
S,H,MEDD,MEDDH-SM-20oct20,14525.0,356547006.0,958606.0,889429.0,1539917881.0,2296.0,1332.0,74431,2287,214,440.0,562,33,177
L,E,MILA,MILAE-LM-05may20,7469.0,157629182.0,1561389.0,391711.0,1829060002.0,1283.0,1694.0,29051,36408,1788,519.0,1685,449,1260
L,E,MILA,MILAE-LM-05oct20,5364.0,116912621.0,1707954.0,492256.0,1721323070.0,963.0,1018.0,16460,31662,1194,264.0,1396,324,815
L,E,MILA,MILAE-LM-27jul20,16141.0,277899958.0,1638162.0,370066.0,2039804181.0,1408.0,828.0,11210,83080,503,167.0,919,161,333
S,E,MILA,MILAE-SM-05may20,13313.0,299104644.0,1117457.0,504612.0,1641486525.0,1970.0,3514.0,52428,25663,708,1164.0,2088,220,464
S,E,MILA,MILAE-SM-05oct20,10489.0,245239305.0,736244.0,809806.0,1135501020.0,2148.0,1910.0,41861,12398,314,620.0,889,63,244
S,E,MILA,MILAE-SM-27jul20,7837.0,167930112.0,1226357.0,816903.0,1407281234.0,1179.0,2258.0,29351,18301,488,684.0,1137,123,346
L,H,MILA,MILAH-LM-05may20,13083.0,309007620.0,1130699.0,369287.0,1574742859.0,1734.0,3315.0,50612,12811,638,1175.0,1641,204,409
L,H,MILA,MILAH-LM-05oct20,13354.0,320360547.0,1121194.0,652179.0,1624323606.0,1877.0,1319.0,67757,7007,366,456.0,488,91,267
L,H,MILA,MILAH-LM-28jul20,9876.0,237839030.0,1818168.0,906517.0,2014467899.0,1106.0,1740.0,44036,16692,632,474.0,799,219,393
S,H,MILA,MILAH-SM-05may20,8214.0,194472721.0,1346728.0,490117.0,1562099431.0,1225.0,1589.0,24880,32210,597,507.0,923,206,383
S,H,MILA,MILAH-SM-05oct20,16446.0,391674297.0,1201751.0,372906.0,1850875196.0,2109.0,1863.0,88186,2300,260,635.0,618,64,193
S,H,MILA,MILAH-SM-28jul20,12112.0,297815176.0,1015874.0,419510.0,1471684993.0,1842.0,2852.0,55534,6217,448,921.0,1167,130,309
L,E,MOND,MONDE-LM-13jul20,6.0,117966.0,34220.0,36403.0,24694637.0,710.0,,1,16,8,,1,2,6
S,E,MOND,MONDE-SM-13jul20,8128.0,155462979.0,1556548.0,261306.0,1816504374.0,1264.0,5806.0,37127,24055,1458,1280.0,2171,360,1064
S,E,MOND,MONDE-SM-25apr22,2235.0,43564325.0,497559.0,201778.0,559965369.0,1207.0,1125.0,11640,9220,396,250.0,550,85,309
L,H,MOND,MONDH-LM-13jul20,6524.0,131222559.0,1762394.0,316580.0,1845411621.0,1041.0,2280.0,30424,18091,3061,755.0,2619,1058,1845
S,H,MOND,MONDH-SM-13jul20,8257.0,162418237.0,1368286.0,579087.0,1661436340.0,1354.0,3745.0,57493,5913,664,1082.0,1376,182,467
S,H,MOND,MONDH-SM-25apr22,7850.0,163224873.0,1211564.0,361867.0,1472164576.0,1346.0,4379.0,42140,9662,1096,1270.0,1723,508,563
L,E,MOST,MOSTE-LM-03aug20,8154.0,168915659.0,1641725.0,270072.0,1705310797.0,989.0,1033.0,14197,31059,3118,501.0,2714,1320,1553
L,E,MOST,MOSTE-LM-20apr20,3841.0,84205895.0,1419209.0,342765.0,1551401702.0,1152.0,1584.0,11641,38799,2911,579.0,2873,1273,1542
L,E,MOST,MOSTE-LM-29sep20,6817.0,153505125.0,1584475.0,656402.0,1885498189.0,1307.0,1520.0,20740,49154,1914,458.0,2340,540,1301
S,E,MOST,MOSTE-SM-03aug20,10715.0,237474248.0,905019.0,836478.0,1367810229.0,2089.0,1991.0,37806,32499,1676,597.0,1419,476,1132
S,E,MOST,MOSTE-SM-20apr20,6816.0,145680407.0,856061.0,519923.0,1095697089.0,1508.0,2325.0,24250,18814,2259,700.0,2499,1215,986
S,E,MOST,MOSTE-SM-29sep20,10835.0,260525703.0,648835.0,670942.0,1098418422.0,2642.0,1501.0,50833,8629,241,561.0,689,35,202
L,H,MOST,MOSTH-LM-04aug20,8217.0,179484846.0,1891583.0,400834.0,2040747169.0,1077.0,1968.0,32581,23004,4449,763.0,3194,1928,2285
L,H,MOST,MOSTH-LM-21apr20,8204.0,198325049.0,1295377.0,535686.0,1535572430.0,1282.0,1770.0,25011,24783,982,914.0,1959,344,599
L,H,MOST,MOSTH-LM-29sep20,10129.0,244253791.0,1310888.0,828271.0,1647861341.0,1407.0,2381.0,38794,21573,1631,940.0,2084,532,1016
S,H,MOST,MOSTH-SM-04aug20,11512.0,274624309.0,1168110.0,486844.0,1635463873.0,1751.0,2322.0,57845,14508,717,805.0,1353,244,463
S,H,MOST,MOSTH-SM-21apr20,9951.0,217378616.0,1051738.0,519685.0,1433032352.0,1709.0,1863.0,47754,18222,482,686.0,1192,108,354
S,H,MOST,MOSTH-SM-29sep20,13492.0,300252755.0,1167177.0,577195.0,1673438231.0,1834.0,1658.0,75776,2661,310,572.0,698,65,243
S,M,NMUS,NMUSM-SM-11aug21,9265.0,351776270.0,338800.0,1055280.0,753391035.0,7390.0,568.0,25759,3422,111,189.0,200,44,64
S,M,NMUS,NMUSM-SM-24may22,10510.0,309339116.0,694601.0,518259.0,1095758743.0,2214.0,1268.0,38537,5227,123,445.0,328,49,72
S,M,NVAL,NVALM-SM-11aug21,16244.0,413757367.0,746230.0,861100.0,1367896001.0,3219.0,3486.0,52322,14158,528,1398.0,1925,117,400
S,M,NVAL,NVALM-SM-24may22,9831.0,225560832.0,843637.0,850592.0,1236536964.0,1959.0,2142.0,24771,33773,641,762.0,1364,155,473
S,E,ORTA,ORTAE-SM-12jul21,10551.0,271416524.0,1123861.0,732585.0,1510032283.0,1599.0,1784.0,34345,24646,744,685.0,1386,271,453
S,E,ORTA,ORTAE-SM-18may22,8511.0,192428448.0,820511.0,811303.0,1200879244.0,1983.0,2246.0,18861,42202,621,510.0,1433,192,406
S,H,ORTA,ORTAH-SM-12jul21,12228.0,288771480.0,880886.0,965376.0,1375691756.0,2186.0,1551.0,66459,3509,120,345.0,398,28,90
S,H,ORTA,ORTAH-SM-18may22,12205.0,280670234.0,968594.0,408663.0,1438733265.0,1966.0,1967.0,65219,2858,231,525.0,722,41,185
S,M,PAMV,PAMVM-SM-15sep21,14646.0,305705096.0,1623582.0,700781.0,2199535602.0,1674.0,4892.0,53006,47218,783,1613.0,1895,212,546
S,M,PAMV,PAMVM-SM-24mar22,6603.0,161011310.0,719341.0,490914.0,995032815.0,1718.0,1778.0,29738,12410,313,746.0,1059,109,199
S,E,PAVN,PAVNE-SM-22sep21,9805.0,248818409.0,690980.0,797425.0,1111788037.0,2338.0,2480.0,36765,17639,432,871.0,912,148,277
S,E,PAVN,PAVNE-SM-24may22,12117.0,291752032.0,885802.0,511515.0,1302758685.0,1960.0,2768.0,43145,10616,857,1182.0,2216,227,604
S,H,PAVN,PAVNH-SM-22sep21,14773.0,370044605.0,1054988.0,422888.0,1646654365.0,2163.0,3555.0,69112,6167,493,1198.0,1204,139,344
S,H,PAVN,PAVNH-SM-24may22,11118.0,254125085.0,830291.0,617585.0,1287678631.0,2161.0,2895.0,52416,10962,457,974.0,1453,156,291
S,M,PEPS,PEPSM-SM-09aug21,10876.0,204959693.0,1768301.0,225426.0,2115176751.0,1323.0,8462.0,68253,7278,849,1915.0,1777,253,580
S,M,PEPS,PEPSM-SM-22may22,7183.0,133586765.0,1196727.0,405009.0,1469484107.0,1389.0,5503.0,36583,19911,721,1325.0,1331,164,541
L,E,PIBR,PIBRE-LM-20jul20,11188.0,227509977.0,2457872.0,682194.0,2697898308.0,1135.0,2656.0,11414,58470,3496,626.0,3813,1092,2242
S,E,PIBR,PIBRE-SM-20jul20,8312.0,226220054.0,1076527.0,625918.0,1433396952.0,1540.0,2656.0,27319,24824,760,808.0,1671,258,485
S,E,PIBR,PIBRE-SM-23jun22,8837.0,227150839.0,874381.0,524600.0,1223834741.0,1720.0,2627.0,36065,11421,587,1004.0,1396,190,383
L,H,PIBR,PIBRH-LM-20jul20,18164.0,492130606.0,974298.0,917398.0,1651544961.0,2720.0,3014.0,55970,13572,2282,1271.0,2735,771,1413
S,H,PIBR,PIBRH-SM-20jul20,11465.0,295856990.0,509838.0,513193.0,947154437.0,3249.0,2011.0,42056,3324,299,829.0,1122,92,200
S,H,PIBR,PIBRH-SM-23jun22,9000.0,217450160.0,927438.0,841510.0,1229476308.0,1584.0,1339.0,33510,15838,724,536.0,859,289,418
L,E,PLES,PLESE-LM-01jun20,12967.0,392561006.0,830032.0,717612.0,1337635342.0,2440.0,610.0,36353,20502,282,148.0,562,108,165
L,E,PLES,PLESE-LM-06aug20,11347.0,409780210.0,689890.0,993789.0,1149376891.0,2842.0,324.0,32251,9729,206,144.0,326,69,128
S,E,PLES,PLESE-SM-01jun20,15963.0,514461546.0,634383.0,858114.0,1299661335.0,4716.0,379.0,41383,18491,235,176.0,470,90,138
S,E,PLES,PLESE-SM-06aug20,16054.0,548336666.0,718493.0,1009013.0,1388909591.0,4264.0,438.0,42798,14418,176,201.0,480,56,116
L,H,PLES,PLESH-LM-01jun20,12448.0,384769527.0,896061.0,738216.0,1367604182.0,2101.0,656.0,40988,12622,319,225.0,380,135,177
L,H,PLES,PLESH-LM-06aug20,15271.0,496694493.0,788299.0,858355.0,1418758463.0,3287.0,1097.0,56077,4147,206,379.0,320,86,112
S,H,PLES,PLESH-SM-01jun20,18355.0,588680003.0,698610.0,785620.0,1426174922.0,5333.0,1001.0,59330,4784,189,365.0,370,61,125
S,H,PLES,PLESH-SM-06aug20,19899.0,622848865.0,854888.0,785627.0,1651282411.0,4140.0,1206.0,70007,4457,205,492.0,406,69,130
S,E,PRSC,PRSCE-SM-22mar22,9380.0,205640838.0,1115311.0,287668.0,1419396135.0,1452.0,1886.0,34868,20678,1054,809.0,1571,250,777
S,E,PRSC,PRSCE-SM-22sep21,9426.0,241389852.0,1116316.0,760361.0,1488791455.0,1594.0,3372.0,35795,21309,966,834.0,1496,243,703
S,H,PRSC,PRSCH-SM-22mar22,9376.0,205064187.0,1068134.0,336457.0,1368788701.0,1479.0,2115.0,34583,20073,1107,907.0,1769,254,822
S,H,PRSC,PRSCH-SM-22sep21,11963.0,289418576.0,762070.0,388713.0,1226187145.0,2366.0,2556.0,49530,9578,425,995.0,1122,158,259
L,E,RIMV,RIMVE-LM-02nov20,4249.0,99532852.0,1647983.0,549134.0,1646089834.0,979.0,1607.0,15824,22477,1588,476.0,1414,493,1037
L,E,RIMV,RIMVE-LM-08jun20,4010.0,78727157.0,1643551.0,675088.0,1654609068.0,998.0,2474.0,15329,29353,1127,697.0,1632,431,657
L,E,RIMV,RIMVE-LM-10aug20,6865.0,159760295.0,1637255.0,546508.0,1907245212.0,1271.0,1409.0,26329,45016,672,282.0,1017,215,441
L,E,RIMV,RIMVE-LM-12oct20,5178.0,110406857.0,2079870.0,541823.0,2026505436.0,932.0,2244.0,22566,20354,2977,760.0,2745,908,1911
L,E,RIMV,RIMVE-LM-15mar21,6403.0,148379601.0,2021694.0,288754.0,2058530474.0,993.0,1484.0,33514,17317,2221,469.0,1627,741,1392
L,E,RIMV,RIMVE-LM-18may20,5089.0,102481807.0,2424573.0,323704.0,2348658478.0,951.0,2368.0,17695,33981,909,658.0,1426,282,616
L,E,RIMV,RIMVE-LM-20jul20,4486.0,89591531.0,1922354.0,228251.0,1963154588.0,1030.0,1833.0,25327,23287,926,449.0,1062,245,653
L,E,RIMV,RIMVE-LM-21sep20,7296.0,144621079.0,1468694.0,233003.0,1673781146.0,1212.0,2751.0,35654,17866,2689,891.0,2678,815,1733
L,E,RIMV,RIMVE-LM-27apr20,4851.0,88352053.0,1042283.0,297436.0,1195243738.0,1257.0,2040.0,13017,25128,3854,495.0,2733,1747,1843
L,E,RIMV,RIMVE-LM-29jun20,6620.0,149638031.0,1419568.0,270914.0,1416404160.0,922.0,837.0,16224,16391,2614,336.0,1657,1164,1338
L,E,RIMV,RIMVE-LM-31aug20,9563.0,220772033.0,1888509.0,432929.0,2129656699.0,1174.0,1928.0,35576,26807,2269,670.0,2672,1017,1161
S,E,RIMV,RIMVE-SM-01nov21,11912.0,252108504.0,1441426.0,438811.0,1867662567.0,1516.0,3032.0,75698,3132,497,936.0,940,135,344
S,E,RIMV,RIMVE-SM-02nov20,21647.0,458223526.0,2352801.0,429002.0,3095510060.0,1556.0,4725.0,126789,4896,717,1381.0,1338,166,538
S,E,RIMV,RIMVE-SM-04apr22,12163.0,270736971.0,1414071.0,386279.0,1869387903.0,1561.0,1809.0,78749,2370,412,554.0,554,139,261
S,E,RIMV,RIMVE-SM-06apr21,6459.0,129878801.0,2035567.0,454878.0,2160179204.0,1083.0,1557.0,47401,15142,1024,482.0,872,222,782
S,E,RIMV,RIMVE-SM-06jun22,6031.0,111642105.0,1268869.0,477607.0,1486977028.0,1290.0,3441.0,34517,20287,751,1004.0,1635,223,505
S,E,RIMV,RIMVE-SM-07jun21,6079.0,126643327.0,1339892.0,325169.0,1526669380.0,1218.0,1985.0,43622,8331,701,628.0,852,219,471
S,E,RIMV,RIMVE-SM-08jun20,12188.0,247244132.0,1734259.0,466924.0,2123189999.0,1363.0,6358.0,57594,19185,964,1874.0,2390,290,649
S,E,RIMV,RIMVE-SM-09aug21,7572.0,150030388.0,1308361.0,611271.0,1569165052.0,1315.0,4173.0,54542,3069,441,1006.0,805,115,318
S,E,RIMV,RIMVE-SM-10aug20,9382.0,199221248.0,1574823.0,630125.0,1882591462.0,1297.0,3564.0,55427,12343,660,938.0,1001,263,387
S,E,RIMV,RIMVE-SM-11oct21,12326.0,262021062.0,1398702.0,629273.0,1841852844.0,1564.0,2458.0,77811,2117,333,715.0,645,91,241
S,E,RIMV,RIMVE-SM-12oct20,11510.0,239375013.0,1608839.0,536027.0,2019337719.0,1419.0,5439.0,68964,8777,533,1464.0,1437,162,360
S,E,RIMV,RIMVE-SM-14mar22,10303.0,235503368.0,1344305.0,395229.0,1693827563.0,1430.0,2589.0,58410,7070,490,748.0,764,199,283
S,E,RIMV,RIMVE-SM-15mar21,16361.0,355861629.0,2016337.0,801408.0,2593955589.0,1482.0,2172.0,99964,8162,658,664.0,982,231,420
S,E,RIMV,RIMVE-SM-16may22,9564.0,183833963.0,1450648.0,386516.0,1781641857.0,1381.0,3923.0,60606,9600,702,1101.0,1085,184,501
S,E,RIMV,RIMVE-SM-16sep21,9629.0,202340423.0,1220599.0,369063.0,1555894170.0,1478.0,3106.0,60922,2819,406,923.0,730,111,291
S,E,RIMV,RIMVE-SM-18jul22,7951.0,166648796.0,1287511.0,655334.0,1529400395.0,1296.0,3739.0,43198,9949,451,1027.0,991,180,262
S,E,RIMV,RIMVE-SM-18may20,12495.0,248741004.0,2435360.0,277486.0,2781706505.0,1217.0,8022.0,69914,17726,1525,2321.0,2593,499,1001
S,E,RIMV,RIMVE-SM-19jul21,9205.0,193651094.0,1267373.0,558472.0,1593870836.0,1437.0,4950.0,56896,4355,481,1212.0,1163,144,329
S,E,RIMV,RIMVE-SM-20jul20,8341.0,165005333.0,1821800.0,496085.0,2078110580.0,1217.0,4150.0,53742,16319,1041,1146.0,1429,390,619
S,E,RIMV,RIMVE-SM-21sep20,10577.0,208231754.0,1496792.0,334754.0,1846807161.0,1376.0,5162.0,62427,6597,732,1490.0,1557,242,476
S,E,RIMV,RIMVE-SM-22nov21,10371.0,228192383.0,1280917.0,326503.0,1643149211.0,1484.0,3110.0,62851,2859,386,851.0,818,95,282
S,E,RIMV,RIMVE-SM-25apr22,8418.0,160882656.0,1600889.0,267640.0,1904833596.0,1316.0,3717.0,50724,19594,1130,1163.0,2087,276,831
S,E,RIMV,RIMVE-SM-26apr21,7694.0,152567415.0,1463924.0,401856.0,1683577592.0,1231.0,2530.0,44696,15996,1176,826.0,1569,289,863
S,E,RIMV,RIMVE-SM-27apr20,9729.0,193485693.0,1574592.0,337924.0,1915180365.0,1366.0,5596.0,51119,16779,1268,1560.0,2307,496,748
S,E,RIMV,RIMVE-SM-27jun22,7777.0,163910867.0,1066302.0,540944.0,1373541672.0,1510.0,4331.0,39681,14686,474,1173.0,1210,151,310
S,E,RIMV,RIMVE-SM-28jun21,8000.0,157194166.0,1248918.0,377434.0,1530570469.0,1372.0,4121.0,55008,3186,455,1135.0,980,124,323
S,E,RIMV,RIMVE-SM-29jun20,10694.0,198639598.0,1929457.0,336330.0,2282676263.0,1289.0,2492.0,80718,6191,454,685.0,659,146,301
S,E,RIMV,RIMVE-SM-30aug21,9037.0,181852311.0,1361282.0,340617.0,1678888075.0,1389.0,3594.0,62611,3403,490,946.0,954,137,342
S,E,RIMV,RIMVE-SM-31aug20,9047.0,191223103.0,1470420.0,337071.0,1771334653.0,1320.0,3979.0,55196,8287,716,1057.0,1275,274,425
L,H,RIMV,RIMVH-LM-02nov20,10841.0,270076152.0,942068.0,555308.0,1367272659.0,1873.0,1427.0,54960,6656,211,478.0,527,84,121
L,H,RIMV,RIMVH-LM-08jun20,8828.0,248621952.0,1302429.0,555474.0,1577997213.0,1315.0,1837.0,36944,16774,945,493.0,1044,422,502
L,H,RIMV,RIMVH-LM-10aug20,11346.0,273189379.0,1305817.0,521740.0,1685735087.0,1480.0,2148.0,49342,14885,555,706.0,968,259,280
L,H,RIMV,RIMVH-LM-12oct20,12607.0,311268393.0,1287962.0,610916.0,1757266931.0,1640.0,1867.0,61126,10678,496,665.0,692,248,244
L,H,RIMV,RIMVH-LM-15mar21,6373.0,145706348.0,1849490.0,283979.0,1916888665.0,1022.0,1410.0,35247,14543,1753,460.0,1251,602,1073
L,H,RIMV,RIMVH-LM-18may20,9406.0,227302746.0,1594038.0,436653.0,1836233362.0,1202.0,2353.0,34233,21328,4100,911.0,4140,1245,2616
L,H,RIMV,RIMVH-LM-20jul20,10489.0,242424878.0,1660104.0,669469.0,1999889685.0,1314.0,2033.0,54680,16413,708,632.0,937,260,435
L,H,RIMV,RIMVH-LM-21sep20,12224.0,299593938.0,1358082.0,546918.0,1776917816.0,1547.0,3047.0,53409,15835,697,962.0,1356,252,425
L,H,RIMV,RIMVH-LM-27apr20,9597.0,250720233.0,1371091.0,433782.0,1652023155.0,1305.0,2831.0,40330,12413,1964,1000.0,2290,721,1144
L,H,RIMV,RIMVH-LM-29jun20,9118.0,245885852.0,1143642.0,653212.0,1488669496.0,1502.0,1457.0,40496,15717,925,458.0,936,416,489
L,H,RIMV,RIMVH-LM-31aug20,17965.0,479177463.0,1943337.0,639721.0,2631544176.0,1641.0,3588.0,85994,20923,1062,1184.0,1879,450,579
S,H,RIMV,RIMVH-SM-01nov21,13062.0,303666794.0,1139092.0,894109.0,1625727465.0,1817.0,1935.0,70180,3422,270,671.0,642,82,179
S,H,RIMV,RIMVH-SM-04apr22,9067.0,198199209.0,1260880.0,344069.0,1575288042.0,1416.0,3105.0,56608,4159,580,873.0,1022,207,359
S,H,RIMV,RIMVH-SM-06apr21,10472.0,231702447.0,1291735.0,434721.0,1667818352.0,1506.0,1791.0,61052,9485,608,570.0,920,199,392
S,H,RIMV,RIMVH-SM-06jun22,12998.0,324516342.0,1102335.0,544008.0,1618308896.0,1923.0,1862.0,65356,8295,344,677.0,857,128,210
S,H,RIMV,RIMVH-SM-07jun21,12547.0,313660282.0,1155588.0,517384.0,1669921680.0,1875.0,1748.0,70178,6695,429,645.0,965,105,316
S,H,RIMV,RIMVH-SM-08jun20,16904.0,443680117.0,1569566.0,587646.0,2202496415.0,1743.0,2782.0,81035,8896,489,909.0,1028,223,258
S,H,RIMV,RIMVH-SM-09aug21,11340.0,268495774.0,1323915.0,382829.0,1734275080.0,1535.0,2350.0,67367,2281,251,669.0,604,74,171
S,H,RIMV,RIMVH-SM-10aug20,15943.0,418597164.0,1167416.0,649509.0,1814390300.0,2143.0,2284.0,75387,7302,454,822.0,1198,155,294
S,H,RIMV,RIMVH-SM-11oct21,14677.0,341357730.0,1283338.0,686419.0,1814458624.0,1793.0,2088.0,79031,2420,263,725.0,613,72,184
S,H,RIMV,RIMVH-SM-12oct20,15580.0,353562561.0,1193986.0,506152.0,1783696607.0,1980.0,1728.0,82470,3494,275,600.0,678,81,191
S,H,RIMV,RIMVH-SM-14mar22,9744.0,219977560.0,1305529.0,405874.0,1649969334.0,1438.0,2562.0,57548,6913,387,705.0,768,161,219
S,H,RIMV,RIMVH-SM-15mar21,14447.0,307629903.0,1864942.0,385945.0,2380513549.0,1464.0,2009.0,91725,7360,556,598.0,908,176,376
S,H,RIMV,RIMVH-SM-16may22,14741.0,340137562.0,1225362.0,642059.0,1786926961.0,1908.0,1526.0,82813,2803,225,524.0,558,82,139
S,H,RIMV,RIMVH-SM-16sep21,13855.0,334856623.0,1273713.0,843240.0,1794611318.0,1786.0,1848.0,78845,1996,274,646.0,534,68,200
S,H,RIMV,RIMVH-SM-17may21,9377.0,216786958.0,1327701.0,513453.0,1677474936.0,1458.0,2539.0,56357,10201,602,835.0,1252,160,433
S,H,RIMV,RIMVH-SM-18jul22,14377.0,368665542.0,1131000.0,890052.0,1732092023.0,2099.0,1373.0,82192,1655,148,492.0,445,49,93
S,H,RIMV,RIMVH-SM-18may20,16283.0,399904213.0,1728573.0,453560.0,2314175973.0,1607.0,4320.0,81703,11037,723,1282.0,1466,314,399
S,H,RIMV,RIMVH-SM-19jul21,11803.0,273576131.0,1393081.0,433711.0,1839833317.0,1562.0,2748.0,74277,2888,277,755.0,700,83,191
S,H,RIMV,RIMVH-SM-20jul20,13259.0,320961683.0,1647353.0,554965.0,2148480422.0,1504.0,2845.0,78230,5334,562,917.0,1019,189,363
S,H,RIMV,RIMVH-SM-21sep20,15071.0,371861337.0,1174317.0,641639.0,1774540067.0,2026.0,2452.0,78336,3802,383,892.0,1040,116,262
S,H,RIMV,RIMVH-SM-22nov21,11291.0,263253479.0,1032439.0,712668.0,1446590916.0,1758.0,1909.0,61967,1837,249,599.0,538,75,168
S,H,RIMV,RIMVH-SM-25apr22,10588.0,235877891.0,1333395.0,355416.0,1715674408.0,1483.0,3308.0,55250,11921,854,965.0,1421,309,526
S,H,RIMV,RIMVH-SM-26apr21,11004.0,240289180.0,1501798.0,318877.0,1865080153.0,1394.0,1231.0,68989,6179,501,414.0,652,153,342
S,H,RIMV,RIMVH-SM-27apr20,15003.0,371514059.0,1495710.0,650413.0,2024092464.0,1641.0,2482.0,76361,6578,479,821.0,936,265,207
S,H,RIMV,RIMVH-SM-27jun22,12650.0,315536909.0,1136068.0,620029.0,1589281428.0,1749.0,2034.0,62951,3554,406,704.0,789,207,193
S,H,RIMV,RIMVH-SM-28jun21,13849.0,345134972.0,1233020.0,533541.0,1773738207.0,1853.0,2006.0,75916,3734,348,647.0,716,71,272
S,H,RIMV,RIMVH-SM-29jun20,16418.0,404822251.0,1685005.0,554965.0,2309384882.0,1629.0,1588.0,94433,2148,207,500.0,463,74,127
S,H,RIMV,RIMVH-SM-30aug21,13809.0,352001083.0,1057827.0,686419.0,1622551760.0,2115.0,1778.0,74812,2473,273,657.0,642,65,199
S,H,RIMV,RIMVH-SM-31aug20,15644.0,395139988.0,1249345.0,666008.0,1892576265.0,2024.0,2515.0,80691,6672,353,863.0,1008,92,255
L,E,ROSX,ROSXE-LM-31aug20,5065.0,104598637.0,1282520.0,356536.0,1311624936.0,984.0,1373.0,32140,5194,370,327.0,333,94,271
S,E,ROSX,ROSXE-SM-06may22,6342.0,112730093.0,1548036.0,218647.0,1692900051.0,1142.0,4051.0,30492,23494,1170,1074.0,1990,226,928
S,E,ROSX,ROSXE-SM-31aug20,14353.0,299682330.0,1605280.0,381908.0,2050027046.0,1473.0,2827.0,73024,12169,243,746.0,756,82,157
L,H,ROSX,ROSXH-LM-31aug20,22270.0,456290394.0,2257899.0,456652.0,2958652830.0,1532.0,2964.0,124238,4310,287,915.0,471,88,190
S,H,ROSX,ROSXH-SM-06may22,7644.0,144312669.0,1531944.0,227959.0,1751137990.0,1215.0,5985.0,45451,10320,1173,1530.0,2013,441,717
S,H,ROSX,ROSXH-SM-31aug20,14787.0,292254128.0,2133353.0,299148.0,2619678709.0,1371.0,4393.0,98928,2561,342,971.0,630,109,227
S,M,SANA,SANAM-SM-01aug21,7193.0,224764777.0,468427.0,625233.0,755427374.0,2476.0,1498.0,26907,3427,147,435.0,231,45,101
S,M,SANA,SANAM-SM-14apr22,5276.0,228996330.0,339570.0,625239.0,600117545.0,3346.0,147.0,16263,5471,46,55.0,84,10,36
L,E,SLAP,SLAPE-LM-11aug20,12440.0,271284899.0,1194802.0,436865.0,1626725755.0,1663.0,2259.0,49650,22429,602,498.0,707,155,438
L,E,SLAP,SLAPE-LM-19may20,2845.0,66171706.0,1646369.0,445865.0,1571674315.0,925.0,1662.0,12899,21665,755,424.0,784,256,484
S,E,SLAP,SLAPE-SM-11aug20,11540.0,248205083.0,1401265.0,325220.0,1858549592.0,1563.0,6083.0,67562,7023,718,1432.0,1230,187,520
S,E,SLAP,SLAPE-SM-19may20,8399.0,168090511.0,1539445.0,249168.0,1743655504.0,1189.0,5451.0,45353,7294,904,1540.0,1839,222,672
L,H,SLAP,SLAPH-LM-11aug20,11621.0,269328273.0,1311707.0,764520.0,1733987600.0,1547.0,2642.0,53645,16934,498,695.0,1086,182,302
L,H,SLAP,SLAPH-LM-19may20,6722.0,156539658.0,1090841.0,491370.0,1359433468.0,1428.0,2107.0,32372,14165,5814,807.0,4401,1873,3646
S,H,SLAP,SLAPH-SM-11aug20,14197.0,323335932.0,1582658.0,902720.0,2113717297.0,1584.0,4013.0,76955,11129,433,1088.0,1283,115,302
S,H,SLAP,SLAPH-SM-19may20,16711.0,403446391.0,1617148.0,514452.0,2236334908.0,1729.0,2350.0,95464,3464,280,779.0,796,81,191
S,E,SMAU,SMAUE-SM-14sep21,12251.0,336773367.0,642592.0,545065.0,1123571622.0,2874.0,1685.0,42101,9195,767,711.0,1238,171,581
S,H,SMAU,SMAUH-SM-14sep21,13388.0,343662417.0,591373.0,527775.0,1098201818.0,3375.0,1779.0,52018,3364,363,760.0,920,88,269
L,E,STEC,STECE-LM-13jul20,765.0,13242978.0,590345.0,100821.0,495212961.0,792.0,193.0,3687,2246,332,71.0,93,111,218
S,E,STEC,STECE-SM-13jul20,10288.0,195084232.0,1212380.0,396305.0,1604669489.0,1583.0,6488.0,40397,27577,760,1624.0,1975,193,549
S,E,STEC,STECE-SM-24apr22,6223.0,109415002.0,1526104.0,189660.0,1700510218.0,1182.0,2571.0,35897,24166,527,689.0,1116,147,365
L,H,STEC,STECH-LM-13jul20,8737.0,198293064.0,1359206.0,460031.0,1604549018.0,1253.0,2927.0,36467,15598,552,1129.0,1404,238,306
S,H,STEC,STECH-SM-13jul20,12143.0,262860692.0,1328410.0,372776.0,1758978978.0,1577.0,5128.0,61714,9526,715,1614.0,1888,339,367
S,H,STEC,STECH-SM-24apr22,7617.0,154446684.0,1230470.0,232952.0,1469541446.0,1312.0,4528.0,42443,8527,888,1318.0,1829,322,543
S,M,STIU,STIUM-SM-09apr22,9632.0,213380289.0,897211.0,444952.0,1221872748.0,1673.0,1688.0,35296,17454,454,646.0,893,118,316
S,M,STIU,STIUM-SM-27jul21,12723.0,275181937.0,1114620.0,530971.0,1603750951.0,1889.0,2403.0,69553,8425,546,688.0,806,144,397
L,M,SZYM,SZYMM-LM-02sep20,4633.0,84362756.0,1916542.0,177045.0,1926647050.0,1001.0,1640.0,31756,14692,1173,327.0,714,294,860
S,M,SZYM,SZYMM-SM-02sep20,11873.0,227535340.0,2032273.0,303504.0,2386557478.0,1271.0,3037.0,87803,2787,298,708.0,674,88,203
S,M,SZYM,SZYMM-SM-05may22,9213.0,172559537.0,1512135.0,319629.0,1819387070.0,1332.0,4937.0,52771,15034,833,1355.0,2010,234,580
S,E,TARN,TARNE-SM-12apr22,12237.0,281854764.0,1073955.0,444587.0,1552808112.0,1865.0,1270.0,63992,8274,1170,523.0,1281,421,701
S,E,TARN,TARNE-SM-28jul21,12663.0,319952121.0,916986.0,866689.0,1432898158.0,2168.0,2192.0,63547,3669,438,734.0,759,114,314
S,H,TARN,TARNH-SM-12apr22,12883.0,298254568.0,965407.0,424497.0,1465720772.0,2060.0,1080.0,68365,4122,413,450.0,650,101,300
S,H,TARN,TARNH-SM-28jul21,13964.0,318964626.0,1091462.0,806153.0,1638556852.0,1996.0,1947.0,76348,2522,249,776.0,730,48,199
S,E,THUN,THUNE-SM-07sep20,9500.0,195923049.0,1067039.0,236080.0,1404763295.0,1577.0,2888.0,46725,11928,1032,971.0,1658,239,764
S,E,THUN,THUNE-SM-10may22,10833.0,223355370.0,1090278.0,383313.0,1477785039.0,1663.0,2809.0,44586,19943,1088,797.0,1980,302,764
L,H,THUN,THUNH-LM-07sep20,16108.0,437395762.0,1082944.0,573652.0,1683992836.0,2214.0,1661.0,59281,10685,2204,585.0,2669,1059,1060
S,H,THUN,THUNH-SM-07sep20,11996.0,305375418.0,707089.0,420833.0,1109154789.0,2242.0,1346.0,46975,849,90,253.0,230,19,69
S,H,THUN,THUNH-SM-10may22,11280.0,248035034.0,800293.0,590941.0,1176756077.0,1947.0,1404.0,52725,2330,90,226.0,229,26,61
L,E,TIEF,TIEFE-LM-14jul20,5935.0,116194768.0,1670605.0,239650.0,1794027399.0,1095.0,2854.0,29056,21667,1621,754.0,1677,337,1247
S,E,TIEF,TIEFE-SM-14jul20,10832.0,209128713.0,1447215.0,359705.0,1839798784.0,1472.0,7859.0,54839,14241,969,1937.0,2106,247,702
S,E,TIEF,TIEFE-SM-28apr22,8027.0,162882284.0,1285182.0,422961.0,1561927557.0,1357.0,4292.0,40530,19243,884,1211.0,1612,245,610
L,H,TIEF,TIEFH-LM-14jul20,9429.0,196573510.0,1556241.0,297764.0,1834119617.0,1268.0,3493.0,54840,9664,1029,840.0,1430,360,631
S,H,TIEF,TIEFH-SM-14jul20,10454.0,207307473.0,1313524.0,300207.0,1689941256.0,1503.0,6224.0,58701,7832,797,1693.0,1867,238,541
S,H,TIEF,TIEFH-SM-28apr22,8537.0,165900354.0,1136433.0,420116.0,1398597830.0,1384.0,3244.0,43235,11073,822,926.0,1472,289,511
S,E,TOTR,TOTRE-SM-26aug21,10645.0,203261332.0,1788521.0,271130.0,2177327312.0,1375.0,5085.0,47281,37223,1792,1424.0,3066,356,1401
S,H,TOTR,TOTRH-SM-26aug21,11628.0,228730938.0,1480496.0,284400.0,1891302332.0,1489.0,4560.0,61788,15751,967,1421.0,1939,315,636
S,E,TOUS,TOUSE-SM-07sep21,8760.0,202592258.0,756518.0,585158.0,1087922999.0,1859.0,2116.0,38856,9426,476,730.0,985,77,388
S,E,TOUS,TOUSE-SM-30mar22,9212.0,205824022.0,992218.0,424930.0,1334035337.0,1617.0,2277.0,53661,3730,474,714.0,967,78,386
S,H,TOUS,TOUSH-SM-07sep21,9248.0,223443826.0,776487.0,503535.0,1135957330.0,1931.0,2984.0,48207,2538,247,648.0,664,61,178
S,H,TOUS,TOUSH-SM-30mar22,8594.0,201566121.0,838531.0,559495.0,1175777520.0,1744.0,1919.0,43791,7153,438,645.0,1157,87,345
L,E,TRAU,TRAUE-LM-17jul20,3581.0,58018440.0,2001356.0,226347.0,2094752139.0,1079.0,2012.0,12738,46275,3145,555.0,2981,1023,1992
S,E,TRAU,TRAUE-SM-17jul20,10677.0,199058925.0,2247940.0,470701.0,2586194202.0,1243.0,4040.0,64639,28230,1893,1175.0,2324,469,1386
S,E,TRAU,TRAUE-SM-29apr22,1159.0,24231029.0,365195.0,146396.0,388263891.0,1103.0,337.0,10524,852,188,107.0,152,32,150
L,H,TRAU,TRAUH-LM-17jul20,11759.0,276739545.0,1269019.0,423103.0,1677394541.0,1552.0,2482.0,42813,21469,2191,1038.0,2743,851,1232
S,H,TRAU,TRAUH-SM-17jul20,11092.0,251184438.0,1115151.0,413367.0,1535881124.0,1705.0,2353.0,66151,2696,251,488.0,457,100,147
S,H,TRAU,TRAUH-SM-29apr22,9523.0,214552755.0,1046587.0,559012.0,1393818250.0,1600.0,1921.0,54965,4588,290,410.0,488,94,192
S,E,TRCH,TRCHE-SM-16sep21,9543.0,226115083.0,724571.0,583686.0,1108877248.0,2061.0,3707.0,36587,12350,617,992.0,1404,127,476
S,E,TRCH,TRCHE-SM-23mar22,7688.0,173020251.0,708652.0,366207.0,985836977.0,1718.0,2270.0,35859,5358,354,771.0,1026,81,260
S,H,TRCH,TRCHH-SM-16sep21,13024.0,286327994.0,949957.0,692180.0,1459482008.0,2106.0,3816.0,57620,12636,541,1166.0,1741,161,362
S,H,TRCH,TRCHH-SM-23mar22,8247.0,185948028.0,573825.0,470481.0,877693197.0,2160.0,1770.0,39585,2724,307,634.0,815,65,237
L,E,TSKO,TSKOE-LM-02sep20,7443.0,151921286.0,1987591.0,448504.0,2002443890.0,983.0,1512.0,38147,13989,474,427.0,949,203,263
S,E,TSKO,TSKOE-SM-02sep20,12693.0,266222363.0,1649820.0,467841.0,2063157324.0,1433.0,1996.0,79293,5539,318,572.0,679,77,236
S,E,TSKO,TSKOE-SM-05may22,6142.0,114506926.0,1630096.0,475519.0,1810046954.0,1174.0,2692.0,34411,23932,620,666.0,1114,149,464
L,H,TSKO,TSKOH-LM-02sep20,12712.0,251085622.0,1722981.0,287896.0,2196470845.0,1467.0,4027.0,84395,8482,401,1042.0,1002,153,240
S,H,TSKO,TSKOH-SM-02sep20,12300.0,246236862.0,2029423.0,386088.0,2464675513.0,1350.0,3333.0,92057,4493,325,814.0,806,101,217
S,H,TSKO,TSKOH-SM-05may22,6973.0,140577168.0,1427368.0,685412.0,1674146391.0,1276.0,3154.0,51135,8595,749,816.0,1062,351,382
S,E,VANN,VANNE-SM-17may22,8998.0,179919944.0,1447683.0,257301.0,1722317258.0,1306.0,2509.0,62002,3186,368,625.0,615,74,289
S,E,VANN,VANNE-SM-19aug21,9901.0,194984855.0,1963042.0,387350.0,2253306749.0,1225.0,5919.0,61522,11356,840,1663.0,1594,189,638
S,H,VANN,VANNH-SM-17may22,10685.0,213171884.0,1512670.0,276867.0,1855478777.0,1382.0,3138.0,70810,3206,341,727.0,801,62,270
S,H,VANN,VANNH-SM-19aug21,12295.0,252787992.0,1780844.0,343547.0,2126650690.0,1307.0,4917.0,72008,6337,630,1257.0,1327,166,450
S,E,VATT,VATTE-SM-16may22,9780.0,194973890.0,1282471.0,215951.0,1628791104.0,1466.0,3366.0,53588,12478,649,848.0,1131,106,535
S,E,VATT,VATTE-SM-23aug21,13110.0,255448010.0,1479281.0,522335.0,1990267896.0,1643.0,4766.0,49403,40366,1199,1458.0,3064,309,867
S,H,VATT,VATTH-SM-16may22,10615.0,216249344.0,1112330.0,385576.0,1491215894.0,1639.0,3440.0,60360,5514,490,906.0,1015,128,347
S,H,VATT,VATTH-SM-23aug21,9206.0,200143847.0,958304.0,322396.0,1292114085.0,1660.0,3177.0,50140,4717,483,997.0,1255,158,316
S,E,VECH,VECHE-SM-02sep21,11705.0,240429854.0,1330909.0,438021.0,1739860432.0,1561.0,4866.0,54340,17588,1004,1436.0,1934,260,724
S,E,VECH,VECHE-SM-18may22,7811.0,168848777.0,957985.0,742036.0,1227832269.0,1486.0,5208.0,34054,10378,821,1544.0,1816,261,540
S,H,VECH,VECHH-SM-02sep21,11802.0,242491577.0,1242252.0,329520.0,1675192209.0,1653.0,7527.0,55549,10996,1661,2236.0,2895,552,1040
S,H,VECH,VECHH-SM-18may22,7799.0,162670060.0,941998.0,334218.0,1210466189.0,1500.0,5353.0,38523,7005,763,1631.0,1827,233,511
L,M,VELN,VELNM-LM-28jul20,8670.0,199176401.0,1113110.0,401088.0,1372421175.0,1358.0,2445.0,39099,10994,331,614.0,682,115,209
S,M,VELN,VELNM-SM-07apr22,8643.0,196485365.0,678560.0,421469.0,995973440.0,1964.0,1843.0,44646,1860,328,520.0,570,129,195
S,M,VELN,VELNM-SM-28jul20,8305.0,187037518.0,584372.0,328952.0,898215217.0,2133.0,2934.0,39851,2019,306,898.0,671,97,205
S,E,VOLV,VOLVE-SM-13sep21,14007.0,315612155.0,1051372.0,351677.0,1575268944.0,2000.0,5826.0,52619,15336,954,1682.0,1851,293,632
S,E,VOLV,VOLVE-SM-21mar22,9370.0,218994465.0,632429.0,310604.0,972347743.0,2152.0,4090.0,35686,5327,545,1387.0,1765,189,343
S,H,VOLV,VOLVH-SM-13sep21,13428.0,310347785.0,849323.0,351995.0,1330354162.0,2261.0,7257.0,49743,6317,865,2105.0,2012,247,586
S,H,VOLV,VOLVH-SM-21mar22,10041.0,235655132.0,650123.0,301809.0,1005266001.0,2168.0,3464.0,37967,4851,540,1232.0,1552,164,362
S,M,VORT,VORTM-SM-10aug21,12102.0,258453594.0,1254548.0,950159.0,1682452915.0,1616.0,2511.0,67416,5012,750,826.0,1200,215,514
S,M,VORT,VORTM-SM-23may22,8735.0,190337577.0,1166215.0,405009.0,1479396261.0,1464.0,1695.0,46468,14363,448,464.0,872,116,322
S,E,VRNC,VRNCE-SM-19mar22,9056.0,184726377.0,883712.0,302665.0,1234011270.0,1785.0,2192.0,33242,25376,716,667.0,1625,178,531
S,E,VRNC,VRNCE-SM-28sep21,9261.0,232069272.0,751298.0,865606.0,1094859720.0,1931.0,1954.0,27509,20398,645,524.0,931,155,474
S,H,VRNC,VRNCH-SM-19mar22,7231.0,159292953.0,889356.0,372903.0,1166603991.0,1550.0,2231.0,35957,10501,654,787.0,1442,215,423
S,H,VRNC,VRNCH-SM-28sep21,10206.0,244510810.0,703915.0,847501.0,1074518822.0,2144.0,2324.0,44831,4053,391,771.0,947,83,296
S,M,VRNZ,VRNZM-SM-15mar22,8544.0,226276251.0,627495.0,641653.0,972835673.0,2123.0,901.0,31824,11989,325,329.0,600,69,250
S,M,VRNZ,VRNZM-SM-23sep21,15807.0,420999601.0,654993.0,462188.0,1252976229.0,3621.0,1268.0,54451,9516,387,390.0,471,128,254
S,E,VSVK,VSVKE-SM-16mar22,7812.0,173107305.0,631533.0,379907.0,953660366.0,2119.0,1112.0,27671,22567,456,403.0,797,115,334
S,E,VSVK,VSVKE-SM-24sep21,11092.0,242584582.0,1137551.0,463534.0,1512974410.0,1588.0,3009.0,50632,11116,680,1001.0,1299,130,535
S,H,VSVK,VSVKH-SM-24sep21,10816.0,248385154.0,898791.0,425296.0,1306349997.0,1899.0,2167.0,57728,2419,191,747.0,597,50,137
S,E,WOLF,WOLFE-SM-14jul20,12969.0,273526356.0,1081450.0,387662.0,1533485340.0,1813.0,2717.0,53095,16203,850,754.0,1543,167,660
S,E,WOLF,WOLFE-SM-27apr22,7918.0,151005084.0,1169584.0,251095.0,1416187912.0,1348.0,2873.0,29039,24102,1894,661.0,1880,682,1178
L,H,WOLF,WOLFH-LM-14jul20,6988.0,143927159.0,1038285.0,361391.0,1237913806.0,1287.0,1711.0,30804,13536,2705,600.0,2447,891,1639
S,H,WOLF,WOLFH-SM-14jul20,13498.0,315677560.0,1325235.0,339638.0,1833615417.0,1721.0,3129.0,72252,7425,742,750.0,1053,245,477
S,H,WOLF,WOLFH-SM-27apr22,8158.0,166320007.0,1054601.0,492092.0,1316359262.0,1424.0,2449.0,46982,5046,558,546.0,829,175,369
L,E,ZLUT,ZLUTE-LM-11aug20,8721.0,177612798.0,1460802.0,337469.0,1699868179.0,1236.0,2215.0,41574,16372,2343,877.0,2746,727,1497
L,E,ZLUT,ZLUTE-LM-24nov20,5276.0,100729254.0,1482422.0,252329.0,1620425823.0,1138.0,2988.0,34959,18113,676,739.0,901,192,461
L,E,ZLUT,ZLUTE-LM-27apr21,5875.0,102081633.0,2300154.0,166393.0,2262801284.0,967.0,1928.0,26163,27437,2740,488.0,2157,793,1818
L,E,ZLUT,ZLUTE-LM-28apr20,4277.0,81623394.0,1364558.0,353956.0,1409805401.0,1037.0,1746.0,21110,16877,2473,535.0,2340,755,1613
S,E,ZLUT,ZLUTE-SM-10aug21,9054.0,181098715.0,1367003.0,322924.0,1647710547.0,1336.0,4223.0,57184,3638,444,1152.0,1007,130,303
S,E,ZLUT,ZLUTE-SM-11aug20,20688.0,448951577.0,2158244.0,621908.0,2902986676.0,1614.0,7287.0,110754,11075,875,2168.0,1851,316,542
S,E,ZLUT,ZLUTE-SM-23nov21,7922.0,155644724.0,1379831.0,349779.0,1620522100.0,1269.0,5123.0,50517,4454,514,1334.0,1141,145,356
S,E,ZLUT,ZLUTE-SM-24nov20,11719.0,234625861.0,1699688.0,300535.0,2102590602.0,1381.0,6557.0,70056,6784,696,1838.0,1675,208,470
S,E,ZLUT,ZLUTE-SM-27apr21,9320.0,180350591.0,1694948.0,317486.0,1994596697.0,1278.0,3962.0,60414,8459,1469,1244.0,2036,356,1079
S,E,ZLUT,ZLUTE-SM-28apr20,9757.0,193393806.0,1641565.0,286167.0,1969808408.0,1330.0,5080.0,60106,9845,847,1456.0,1595,276,553
L,H,ZLUT,ZLUTH-LM-11aug20,11773.0,273691753.0,1472703.0,744193.0,1895242402.0,1467.0,2153.0,67637,6117,1133,634.0,1135,385,709
L,H,ZLUT,ZLUTH-LM-24nov20,8168.0,160923168.0,1956367.0,316213.0,2099401430.0,1092.0,3888.0,52706,11428,668,1031.0,1026,199,461
L,H,ZLUT,ZLUTH-LM-28apr20,8685.0,176899445.0,1459428.0,343935.0,1647890996.0,1177.0,1651.0,28662,24639,2347,570.0,2264,758,1462
S,H,ZLUT,ZLUTH-SM-10aug21,7701.0,160799107.0,1389274.0,817100.0,1621987818.0,1259.0,2766.0,55166,1977,225,665.0,549,83,135
S,H,ZLUT,ZLUTH-SM-11aug20,16482.0,373832377.0,1633653.0,355679.0,2248040202.0,1677.0,2640.0,96765,2712,279,758.0,692,106,170
S,H,ZLUT,ZLUTH-SM-23nov21,7865.0,151300545.0,1476175.0,657047.0,1699613317.0,1230.0,4976.0,52340,4317,456,1366.0,1105,152,298
S,H,ZLUT,ZLUTH-SM-24nov20,11225.0,226834616.0,1546091.0,322859.0,1945352288.0,1430.0,6868.0,65168,7830,863,1996.0,1966,263,584
S,H,ZLUT,ZLUTH-SM-27apr21,9784.0,197116265.0,1485510.0,399223.0,1802164872.0,1343.0,2712.0,63470,4681,532,785.0,1075,140,380
S,H,ZLUT,ZLUTH-SM-28apr20,10282.0,225966208.0,1348868.0,308494.0,1713023420.0,1462.0,4325.0,53849,11892,646,1282.0,1478,225,406
L,E,ZURI,ZURIE-LM-02sep20,1276.0,25795326.0,627016.0,371479.0,617420166.0,974.0,436.0,6886,7886,321,110.0,260,98,213
S,E,ZURI,ZURIE-SM-02sep20,8528.0,176220976.0,1335670.0,429848.0,1625755044.0,1359.0,4422.0,49289,8866,843,1318.0,1840,196,634
S,E,ZURI,ZURIE-SM-04may22,2723.0,47602147.0,698408.0,144812.0,787731178.0,1223.0,2973.0,12949,13783,870,616.0,904,231,616
L,H,ZURI,ZURIH-LM-02sep20,9035.0,204811143.0,1794689.0,537984.0,1939456085.0,1069.0,1548.0,42775,15755,640,403.0,997,244,375
S,H,ZURI,ZURIH-SM-02sep20,11546.0,242283948.0,1287321.0,390948.0,1678618142.0,1533.0,2515.0,66291,4224,361,587.0,603,176,177
S,H,ZURI,ZURIH-SM-04may22,9462.0,185873552.0,1249840.0,198896.0,1531560055.0,1369.0,2433.0,53070,7021,376,602.0,816,181,190
